timestamp (in seconds),bus_trip_no,status,bus_stop_no,stop_id,stop_name,latitude,longitude,distance
73408,1,DISPATCHED_FROM,1,1316,NW Division & Civic Dr,45.504618,-122.441835,0.0
73410,1,TRANSIT_TO,2,1334,NW Division & Eastwood Ave,45.50461786165413,-122.44189652481202,4.794726696227118
73440,1,TRANSIT_TO,2,1334,NW Division & Eastwood Ave,45.50461578646617,-122.44281939699248,76.71562713963388
73470,1,TRANSIT_TO,2,1334,NW Division & Eastwood Ave,45.504613711278196,-122.44374226917293,148.63652758304065
73500,1,TRANSIT_TO,2,1334,NW Division & Eastwood Ave,45.504611636090225,-122.44466514135338,220.5574280264474
73530,1,TRANSIT_TO,2,1334,NW Division & Eastwood Ave,45.50460956090226,-122.44558801353384,292.47832846985415
73537,2,DISPATCHED_FROM,1,1316,NW Division & Civic Dr,45.504618,-122.441835,0.0
73560,2,TRANSIT_TO,2,1334,NW Division & Eastwood Ave,45.50461653462604,-122.44248667728532,50.786249874510915
73560,1,TRANSIT_TO,2,1334,NW Division & Eastwood Ave,45.50460748571429,-122.44651088571429,364.3992289132609
73590,1,TRANSIT_TO,2,1334,NW Division & Eastwood Ave,45.50460541052632,-122.44743375789474,436.3201293566677
73590,2,TRANSIT_TO,2,1334,NW Division & Eastwood Ave,45.5046146232687,-122.44333669113573,117.0291844934382
73620,1,TRANSIT_TO,2,1334,NW Division & Eastwood Ave,45.504603335338345,-122.44835663007518,508.24102980007444
73620,2,TRANSIT_TO,2,1334,NW Division & Eastwood Ave,45.504612711911356,-122.44418670498615,183.2721191123655
73650,2,TRANSIT_TO,2,1334,NW Division & Eastwood Ave,45.50461080055402,-122.44503671883656,249.51505373129277
73650,1,TRANSIT_TO,2,1334,NW Division & Eastwood Ave,45.50460126015038,-122.44927950225564,580.1619302434813
73680,1,TRANSIT_TO,2,1334,NW Division & Eastwood Ave,45.50459918496241,-122.45020237443609,652.082830686888
73680,2,TRANSIT_TO,2,1334,NW Division & Eastwood Ave,45.504608889196675,-122.44588673268699,315.75798835022005
73710,2,TRANSIT_TO,2,1334,NW Division & Eastwood Ave,45.50460697783934,-122.4467367465374,382.0009229691473
73710,1,TRANSIT_TO,2,1334,NW Division & Eastwood Ave,45.50459710977444,-122.45112524661654,724.0037311302948
73740,1,TRANSIT_TO,2,1334,NW Division & Eastwood Ave,45.504595034586465,-122.452048118797,795.9246315737015
73740,2,TRANSIT_TO,2,1334,NW Division & Eastwood Ave,45.50460506648199,-122.44758676038781,448.2438575880746
73770,1,TRANSIT_TO,2,1334,NW Division & Eastwood Ave,45.5045929593985,-122.45297099097745,867.8455320171083
73770,2,TRANSIT_TO,2,1334,NW Division & Eastwood Ave,45.504603155124656,-122.44843677423823,514.4867922070019
73800,1,TRANSIT_TO,2,1334,NW Division & Eastwood Ave,45.50459088421053,-122.4538938631579,939.766432460515
73800,2,TRANSIT_TO,2,1334,NW Division & Eastwood Ave,45.50460124376731,-122.44928678808864,580.7297268259292
73830,2,TRANSIT_TO,2,1334,NW Division & Eastwood Ave,45.504599332409974,-122.45013680193905,646.9726614448565
73830,1,TRANSIT_TO,2,1334,NW Division & Eastwood Ave,45.50458880902256,-122.45481673533835,1011.6873329039219
73860,2,TRANSIT_TO,2,1334,NW Division & Eastwood Ave,45.50459742105264,-122.45098681578948,713.2155960637838
73860,1,TRANSIT_TO,2,1334,NW Division & Eastwood Ave,45.504586733834586,-122.4557396075188,1083.6082333473287
73890,2,TRANSIT_TO,2,1334,NW Division & Eastwood Ave,45.50459550969529,-122.45183682963989,779.4585306827111
73890,1,TRANSIT_TO,2,1334,NW Division & Eastwood Ave,45.50458465864662,-122.45666247969925,1155.5291337907354
73920,2,TRANSIT_TO,2,1334,NW Division & Eastwood Ave,45.504593598337955,-122.45268684349031,845.7014653016383
73920,1,TRANSIT_TO,2,1334,NW Division & Eastwood Ave,45.50458258345865,-122.4575853518797,1227.450034234142
73950,2,TRANSIT_TO,2,1334,NW Division & Eastwood Ave,45.50459168698061,-122.45353685734072,911.9443999205656
73950,1,TRANSIT_TO,2,1334,NW Division & Eastwood Ave,45.50458050827068,-122.45850822406015,1299.3709346775488
73980,2,TRANSIT_TO,2,1334,NW Division & Eastwood Ave,45.50458977562327,-122.45438687119113,978.1873345394929
73980,1,TRANSIT_TO,2,1334,NW Division & Eastwood Ave,45.504578433082706,-122.4594310962406,1371.2918351209555
74010,2,TRANSIT_TO,2,1334,NW Division & Eastwood Ave,45.50458786426593,-122.45523688504156,1044.43026915842
74010,1,TRANSIT_TO,2,1334,NW Division & Eastwood Ave,45.50457635789474,-122.46035396842106,1443.2127355643624
74040,2,TRANSIT_TO,2,1334,NW Division & Eastwood Ave,45.50458595290859,-122.45608689889197,1110.6732037773475
74040,1,TRANSIT_TO,2,1334,NW Division & Eastwood Ave,45.50457428270677,-122.46127684060151,1515.1336360077692
74070,2,TRANSIT_TO,2,1334,NW Division & Eastwood Ave,45.50458404155125,-122.45693691274238,1176.9161383962746
74070,1,TRANSIT_TO,2,1334,NW Division & Eastwood Ave,45.5045722075188,-122.46219971278197,1587.0545364511759
74073,1,STOPPED_AT,2,1334,NW Division & Eastwood Ave,45.504572,-122.462292,1594.2466264955167
74100,1,TRANSIT_TO,3,1360,SE Division & 101st Ave,45.504530611111115,-122.48943838888889,3709.8056511716477
74100,2,TRANSIT_TO,2,1334,NW Division & Eastwood Ave,45.50458213019391,-122.4577869265928,1243.159073015202
74130,1,TRANSIT_TO,3,1360,SE Division & 101st Ave,45.504480944444445,-122.52201405555556,6248.476480783004
74130,2,TRANSIT_TO,2,1334,NW Division & Eastwood Ave,45.504580218836566,-122.45863694044321,1309.4020076341292
74160,1,TRANSIT_TO,3,1360,SE Division & 101st Ave,45.50443127777778,-122.55458972222222,8787.14731039436
74160,2,TRANSIT_TO,2,1334,NW Division & Eastwood Ave,45.50457830747923,-122.45948695429364,1375.6449422530566
74165,1,STOPPED_AT,3,1360,SE Division & 101st Ave,45.504423,-122.560019,9210.259115329587
74190,2,TRANSIT_TO,2,1334,NW Division & Eastwood Ave,45.504576396121884,-122.46033696814405,1441.887876871984
74190,1,TRANSIT_TO,4,1381,SE Division & 122nd Ave,45.5044028,-122.5578341,9380.546619415307
74220,2,TRANSIT_TO,2,1334,NW Division & Eastwood Ave,45.50457448476455,-122.46118698199446,1508.1308114909111
74220,1,TRANSIT_TO,4,1381,SE Division & 122nd Ave,45.504362400000005,-122.5534643,9721.121627586745
74250,2,TRANSIT_TO,2,1334,NW Division & Eastwood Ave,45.5045725734072,-122.46203699584488,1574.3737461098385
74250,1,TRANSIT_TO,4,1381,SE Division & 122nd Ave,45.504322,-122.5490945,10061.696635758182
74259,2,STOPPED_AT,2,1334,NW Division & Eastwood Ave,45.504572,-122.462292,1594.2466264955167
74275,3,DISPATCHED_FROM,1,1316,NW Division & Civic Dr,45.504618,-122.441835,0.0
74280,2,TRANSIT_TO,3,1360,SE Division & 101st Ave,45.50455378888889,-122.47423641111112,2525.0925973530143
74280,1,TRANSIT_TO,4,1381,SE Division & 122nd Ave,45.5042816,-122.54472469999999,10402.271643929622
74280,3,TRANSIT_TO,2,1334,NW Division & Eastwood Ave,45.50461535632184,-122.44301068965517,91.6233693388228
74310,3,TRANSIT_TO,2,1334,NW Division & Eastwood Ave,45.50459949425287,-122.4500648275862,641.3635853717595
74310,2,TRANSIT_TO,3,1360,SE Division & 101st Ave,45.50450412222222,-122.50681207777778,5063.763426964371
74310,1,TRANSIT_TO,4,1381,SE Division & 122nd Ave,45.5042412,-122.5403549,10742.84665210106
74325,1,STOPPED_AT,4,1381,SE Division & 122nd Ave,45.504221,-122.53817,10913.13415618678
74340,3,TRANSIT_TO,2,1334,NW Division & Eastwood Ave,45.50458363218391,-122.45711896551724,1191.1038014046965
74340,2,TRANSIT_TO,3,1360,SE Division & 101st Ave,45.50445445555556,-122.53938774444444,7602.434256575728
74340,1,TRANSIT_TO,5,1387,SE Division & 130th Ave,45.5042125,-122.53676216666666,11022.853137659647
74358,4,DISPATCHED_FROM,1,1316,NW Division & Civic Dr,45.504618,-122.441835,0.0
74359,2,STOPPED_AT,3,1360,SE Division & 101st Ave,45.504423,-122.560019,9210.259115329587
74362,3,STOPPED_AT,2,1334,NW Division & Eastwood Ave,45.504572,-122.462292,1594.2466264955167
74370,3,TRANSIT_TO,3,1360,SE Division & 101st Ave,45.504568365853665,-122.46467558536585,1780.0030286622014
74370,2,TRANSIT_TO,4,1381,SE Division & 122nd Ave,45.504421883977905,-122.55989828729281,9219.667264726588
74370,1,TRANSIT_TO,5,1387,SE Division & 130th Ave,45.504187,-122.53253866666667,11352.010082078254
74370,4,TRANSIT_TO,2,1334,NW Division & Eastwood Ave,45.50461552466368,-122.4429358251121,85.7890561342879
74390,1,STOPPED_AT,5,1387,SE Division & 130th Ave,45.50417,-122.529723,11571.44804502399
74400,3,TRANSIT_TO,3,1360,SE Division & 101st Ave,45.504532024390244,-122.48851143902439,3637.567050329048
74400,4,TRANSIT_TO,2,1334,NW Division & Eastwood Ave,45.50460933632287,-122.44568788789238,300.2616964700076
74400,1,TRANSIT_TO,6,1390,SE Division & 135th Ave,45.5041699,-122.52956983333334,11583.384601770522
74400,2,TRANSIT_TO,4,1381,SE Division & 122nd Ave,45.50438840331492,-122.55627690607734,9501.91174663662
74430,4,TRANSIT_TO,2,1334,NW Division & Eastwood Ave,45.50460314798207,-122.44843995067265,514.7343368057274
74430,2,TRANSIT_TO,4,1381,SE Division & 122nd Ave,45.504354922651935,-122.55265552486188,9784.156228546652
74430,1,TRANSIT_TO,6,1390,SE Division & 135th Ave,45.504168400000005,-122.52727233333333,11762.432952968515
74430,3,TRANSIT_TO,3,1360,SE Division & 101st Ave,45.50449568292683,-122.51234729268293,5495.131071995895
74458,1,STOPPED_AT,6,1390,SE Division & 135th Ave,45.504167,-122.525128,11929.544747419974
74460,1,DWELL_AT,6,1390,SE Division & 135th Ave,45.504167,-122.525128,11929.544747419974
74460,3,TRANSIT_TO,3,1360,SE Division & 101st Ave,45.504459341463416,-122.53618314634146,7352.695093662741
74460,2,TRANSIT_TO,4,1381,SE Division & 122nd Ave,45.50432144198895,-122.54903414364641,10066.400710456684
74460,4,TRANSIT_TO,2,1334,NW Division & Eastwood Ave,45.504596959641255,-122.45119201345291,729.2069771414472
74490,4,TRANSIT_TO,2,1334,NW Division & Eastwood Ave,45.50459077130045,-122.45394407623319,943.6796174771669
74490,3,STOPPED_AT,3,1360,SE Division & 101st Ave,45.504423,-122.560019,9210.259115329587
74490,1,TRANSIT_TO,7,1396,SE Division & 142nd Ave,45.50417957142857,-122.52357847619047,12050.30992511241
74490,2,TRANSIT_TO,4,1381,SE Division & 122nd Ave,45.50428796132597,-122.54541276243093,10348.645192366715
74520,2,TRANSIT_TO,4,1381,SE Division & 122nd Ave,45.504254480662986,-122.54179138121546,10630.889674276748
74520,1,TRANSIT_TO,7,1396,SE Division & 142nd Ave,45.50419528571429,-122.52164157142857,12201.266397227957
74520,3,DWELL_AT,3,1360,SE Division & 101st Ave,45.504423,-122.560019,9210.259115329587
74520,4,TRANSIT_TO,2,1334,NW Division & Eastwood Ave,45.504584582959644,-122.45669613901346,1158.1522578128865
74550,2,STOPPED_AT,4,1381,SE Division & 122nd Ave,45.504221,-122.53817,10913.13415618678
74550,1,TRANSIT_TO,7,1396,SE Division & 142nd Ave,45.504211,-122.51970466666667,12352.222869343503
74550,4,TRANSIT_TO,2,1334,NW Division & Eastwood Ave,45.50457839461884,-122.45944820179372,1372.6248981486065
74550,3,TRANSIT_TO,4,1381,SE Division & 122nd Ave,45.50437716806723,-122.55506166386554,9596.625721238363
74580,2,TRANSIT_TO,5,1387,SE Division & 130th Ave,45.50420578947369,-122.53565071929825,11109.473386190859
74580,3,TRANSIT_TO,4,1381,SE Division & 122nd Ave,45.504326243697484,-122.54955351260504,10025.92195002589
74580,4,TRANSIT_TO,2,1334,NW Division & Eastwood Ave,45.50457220627803,-122.462200264574,1587.0975384843262
74580,1,TRANSIT_TO,7,1396,SE Division & 142nd Ave,45.504226714285714,-122.51776776190476,12503.179341459048
74581,4,STOPPED_AT,2,1334,NW Division & Eastwood Ave,45.504572,-122.462292,1594.2466264955167
74592,1,STOPPED_AT,7,1396,SE Division & 142nd Ave,45.504233,-122.516993,12563.561930305266
74610,4,DWELL_AT,2,1334,NW Division & Eastwood Ave,45.504572,-122.462292,1594.2466264955167
74610,3,TRANSIT_TO,4,1381,SE Division & 122nd Ave,45.50427531932773,-122.54404536134453,10455.218178813417
74610,1,TRANSIT_TO,8,1416,SE Division & 162nd Ave,45.5042791,-122.5149081,12726.121896544977
74610,2,TRANSIT_TO,5,1387,SE Division & 130th Ave,45.50417894736842,-122.53120492982457,11455.954380315707
74620,2,STOPPED_AT,5,1387,SE Division & 130th Ave,45.50417,-122.529723,11571.44804502399
74640,1,TRANSIT_TO,8,1416,SE Division & 162nd Ave,45.50439435,-122.50969585,13132.521812144256
74640,2,TRANSIT_TO,6,1390,SE Division & 135th Ave,45.5041691,-122.5283445,11678.877055742785
74640,4,DWELL_AT,2,1334,NW Division & Eastwood Ave,45.504572,-122.462292,1594.2466264955167
74640,3,TRANSIT_TO,4,1381,SE Division & 122nd Ave,45.50422439495799,-122.53853721008403,10884.514407600944
74642,3,STOPPED_AT,4,1381,SE Division & 122nd Ave,45.504221,-122.53817,10913.13415618678
74670,1,TRANSIT_TO,8,1416,SE Division & 162nd Ave,45.5045096,-122.5044836,13538.921727743535
74670,2,TRANSIT_TO,6,1390,SE Division & 135th Ave,45.5041676,-122.52604699999999,11857.925406940776
74670,3,TRANSIT_TO,5,1387,SE Division & 130th Ave,45.50420929508197,-122.53623134426229,11064.222589690402
74670,4,TRANSIT_TO,3,1360,SE Division & 101st Ave,45.504540544444446,-122.48292325555556,3202.0714852493757
74682,2,STOPPED_AT,6,1390,SE Division & 135th Ave,45.504167,-122.525128,11929.544747419974
74700,1,TRANSIT_TO,8,1416,SE Division & 162nd Ave,45.50462485,-122.49927135,13945.321643342813
74700,4,TRANSIT_TO,3,1360,SE Division & 101st Ave,45.50449087777778,-122.51549892222222,5740.742314860732
74700,2,TRANSIT_TO,7,1396,SE Division & 142nd Ave,45.5041736,-122.5243145,11992.946465708503
74700,3,TRANSIT_TO,5,1387,SE Division & 130th Ave,45.504184213114755,-122.53207708196722,11387.983518626734
74717,3,STOPPED_AT,5,1387,SE Division & 130th Ave,45.50417,-122.529723,11571.44804502399
74718,1,STOPPED_AT,8,1416,SE Division & 162nd Ave,45.504694,-122.496144,14189.161592702381
74730,2,TRANSIT_TO,7,1396,SE Division & 142nd Ave,45.5041956,-122.52160283333333,12204.285526670266
74730,1,TRANSIT_TO,9,1423,SE Division & 174th Ave,45.50469433333333,-122.49535966666667,14250.285526446056
74730,3,TRANSIT_TO,6,1390,SE Division & 135th Ave,45.5041689,-122.52803816666666,11702.750169235851
74730,4,TRANSIT_TO,3,1360,SE Division & 101st Ave,45.504441211111114,-122.54807458888888,8279.41314447209
74741,4,STOPPED_AT,3,1360,SE Division & 101st Ave,45.504423,-122.560019,9210.259115329587
74749,3,STOPPED_AT,6,1390,SE Division & 135th Ave,45.504167,-122.525128,11929.544747419974
74760,2,TRANSIT_TO,7,1396,SE Division & 142nd Ave,45.5042176,-122.51889116666666,12415.624587632032
74760,4,DWELL_AT,3,1360,SE Division & 101st Ave,45.504423,-122.560019,9210.259115329587
74760,1,TRANSIT_TO,9,1423,SE Division & 174th Ave,45.504696833333334,-122.48947716666667,14708.715029523617
74760,3,DWELL_AT,6,1390,SE Division & 135th Ave,45.504167,-122.525128,11929.544747419974
74781,2,STOPPED_AT,7,1396,SE Division & 142nd Ave,45.504233,-122.516993,12563.561930305266
74786,1,STOPPED_AT,9,1423,SE Division & 174th Ave,45.504699,-122.484379,15106.020598857502
74790,1,DWELL_AT,9,1423,SE Division & 174th Ave,45.504699,-122.484379,15106.020598857502
74790,4,TRANSIT_TO,4,1381,SE Division & 122nd Ave,45.50440414666667,-122.55797976,9369.194119142925
74790,3,TRANSIT_TO,7,1396,SE Division & 142nd Ave,45.50418826666667,-122.52250672222222,12133.839173016346
74790,2,DWELL_AT,7,1396,SE Division & 142nd Ave,45.504233,-122.516993,12563.561930305266
74820,1,TRANSIT_TO,10,1442,SE Division & 26th Ave,45.50475670491804,-122.54047286885246,19477.47248458026
74820,4,TRANSIT_TO,4,1381,SE Division & 122nd Ave,45.50436374666667,-122.55360996,9709.769127314363
74820,3,TRANSIT_TO,7,1396,SE Division & 142nd Ave,45.50421026666667,-122.51979505555555,12345.17823397811
74820,2,TRANSIT_TO,8,1416,SE Division & 162nd Ave,45.5043417752809,-122.5120735730337,12947.130389972
74850,4,TRANSIT_TO,4,1381,SE Division & 122nd Ave,45.504323346666666,-122.54924016,10050.344135485802
74850,2,TRANSIT_TO,8,1416,SE Division & 162nd Ave,45.504497168539324,-122.50504582022472,13495.085332353052
74850,1,TRANSIT_TO,10,1442,SE Division & 26th Ave,45.504835393442626,-122.61696450819672,25438.543237838563
74850,3,TRANSIT_TO,7,1396,SE Division & 142nd Ave,45.50423226666667,-122.51708338888889,12556.517294939875
74851,3,STOPPED_AT,7,1396,SE Division & 142nd Ave,45.504233,-122.516993,12563.561930305266
74859,1,STOPPED_AT,10,1442,SE Division & 26th Ave,45.504859,-122.639912,27226.864463816055
74880,1,TRANSIT_TO,11,1448,SE Division & 30th Ave,45.504856068965516,-122.63898113793103,27299.408058700385
74880,4,TRANSIT_TO,4,1381,SE Division & 122nd Ave,45.50428294666667,-122.54487035999999,10390.91914365724
74880,2,TRANSIT_TO,8,1416,SE Division & 162nd Ave,45.504652561797755,-122.49801806741573,14043.040274734101
74880,3,TRANSIT_TO,8,1416,SE Division & 162nd Ave,45.50433032222222,-122.51259154444445,12906.744081255769
74888,2,STOPPED_AT,8,1416,SE Division & 162nd Ave,45.504694,-122.496144,14189.161592702381
74904,1,STOPPED_AT,11,1448,SE Division & 30th Ave,45.504842,-122.634513,27647.61731414517
74910,3,TRANSIT_TO,8,1416,SE Division & 162nd Ave,45.504483988888886,-122.50564187777778,13448.61063538814
74910,2,TRANSIT_TO,9,1423,SE Division & 174th Ave,45.50469733333333,-122.48830066666667,14800.400930139129
74910,4,TRANSIT_TO,4,1381,SE Division & 122nd Ave,45.50424254666667,-122.54050056,10731.49415182868
74910,1,DWELL_AT,11,1448,SE Division & 30th Ave,45.504842,-122.634513,27647.61731414517
74920,2,STOPPED_AT,9,1423,SE Division & 174th Ave,45.504699,-122.484379,15106.020598857502
74926,4,STOPPED_AT,4,1381,SE Division & 122nd Ave,45.504221,-122.53817,10913.13415618678
74940,2,TRANSIT_TO,10,1442,SE Division & 26th Ave,45.50478966666667,-122.57251436666667,21974.49878900068
74940,1,TRANSIT_TO,12,1452,SE Division & 34th Ave,45.504833,-122.6322885,27820.977409697443
74940,4,DWELL_AT,4,1381,SE Division & 122nd Ave,45.504221,-122.53817,10913.13415618678
74940,3,TRANSIT_TO,8,1416,SE Division & 162nd Ave,45.504637655555555,-122.4986922111111,13990.477189520512
74951,3,STOPPED_AT,8,1416,SE Division & 162nd Ave,45.504694,-122.496144,14189.161592702381
74953,2,STOPPED_AT,10,1442,SE Division & 26th Ave,45.504859,-122.639912,27226.864463816055
74970,2,TRANSIT_TO,11,1448,SE Division & 30th Ave,45.50485822727273,-122.63966659090909,27245.98959337647
74970,4,TRANSIT_TO,5,1387,SE Division & 130th Ave,45.50419805,-122.53436884999999,11209.375406163525
74970,1,STOPPED_AT,12,1452,SE Division & 34th Ave,45.504824,-122.630064,27994.337505249714
74970,3,TRANSIT_TO,9,1423,SE Division & 174th Ave,45.504695500000004,-122.4926145,14464.219294548917
75000,1,TRANSIT_TO,13,1459,SE Division & Cesar Chavez Blvd,45.50483094736842,-122.62784589473685,28167.198084896718
75000,3,TRANSIT_TO,9,1423,SE Division & 174th Ave,45.504698000000005,-122.486732,14922.648797626478
75000,2,TRANSIT_TO,11,1448,SE Division & 30th Ave,45.5048505,-122.6372125,27437.24088898061
75000,4,TRANSIT_TO,5,1387,SE Division & 130th Ave,45.50417255,-122.53014535,11538.532350582129
75003,4,STOPPED_AT,5,1387,SE Division & 130th Ave,45.50417,-122.529723,11571.44804502399
75012,3,STOPPED_AT,9,1423,SE Division & 174th Ave,45.504699,-122.484379,15106.020598857502
75030,1,TRANSIT_TO,13,1459,SE Division & Cesar Chavez Blvd,45.50484252631579,-122.62414905263158,28455.29905097506
75030,3,TRANSIT_TO,10,1442,SE Division & 26th Ave,45.50473778787879,-122.52208396969696,18044.406990362604
75030,4,TRANSIT_TO,6,1390,SE Division & 135th Ave,45.50416881967213,-122.52791513114754,11712.338550884704
75030,2,TRANSIT_TO,11,1448,SE Division & 30th Ave,45.50484277272727,-122.6347584090909,27628.492184584757
75033,2,STOPPED_AT,11,1448,SE Division & 30th Ave,45.504842,-122.634513,27647.61731414517
75039,1,STOPPED_AT,13,1459,SE Division & Cesar Chavez Blvd,45.504846,-122.62304,28541.729340798563
75060,3,TRANSIT_TO,10,1442,SE Division & 26th Ave,45.50481051515152,-122.59278078787878,23553.881474434675
75060,4,TRANSIT_TO,6,1390,SE Division & 135th Ave,45.5041673442623,-122.52565529508196,11888.451683210598
75060,1,TRANSIT_TO,14,1482,SE Division & 67th Ave,45.504896,-122.62065741666667,28727.488305184965
75060,2,TRANSIT_TO,12,1452,SE Division & 34th Ave,45.50483620338983,-122.63308027118644,27759.27296890765
75067,4,STOPPED_AT,6,1390,SE Division & 135th Ave,45.504167,-122.525128,11929.544747419974
75080,3,STOPPED_AT,10,1442,SE Division & 26th Ave,45.504859,-122.639912,27226.864463816055
75090,2,TRANSIT_TO,12,1452,SE Division & 34th Ave,45.50482705084745,-122.63081806779661,27935.5713711642
75090,4,TRANSIT_TO,7,1396,SE Division & 142nd Ave,45.504171400000004,-122.52458566666667,11971.812559612326
75090,1,TRANSIT_TO,14,1482,SE Division & 67th Ave,45.505196,-122.60636191666667,29842.04209150338
75090,3,TRANSIT_TO,11,1448,SE Division & 30th Ave,45.50485840350878,-122.6397225614035,27241.62772172234
75100,2,STOPPED_AT,12,1452,SE Division & 34th Ave,45.504824,-122.630064,27994.337505249714
75115,1,STOPPED_AT,14,1482,SE Division & 67th Ave,45.505446,-122.594449,30770.83691343539
75120,1,DWELL_AT,14,1482,SE Division & 67th Ave,45.505446,-122.594449,30770.83691343539
75120,3,TRANSIT_TO,11,1448,SE Division & 30th Ave,45.50484945614035,-122.63688098245613,27463.07659031661
75120,2,TRANSIT_TO,13,1459,SE Division & Cesar Chavez Blvd,45.50482913333333,-122.62842506666667,28122.06226687778
75120,4,TRANSIT_TO,7,1396,SE Division & 142nd Ave,45.5041934,-122.521874,12183.15162057409
75145,3,STOPPED_AT,11,1448,SE Division & 30th Ave,45.504842,-122.634513,27647.61731414517
75150,2,TRANSIT_TO,13,1459,SE Division & Cesar Chavez Blvd,45.50484013333333,-122.62491306666666,28395.758184652204
75150,4,TRANSIT_TO,7,1396,SE Division & 142nd Ave,45.5042154,-122.51916233333333,12394.490681535855
75150,3,DWELL_AT,11,1448,SE Division & 30th Ave,45.504842,-122.634513,27647.61731414517
75150,1,TRANSIT_TO,15,1499,SE Division & 82nd Ave,45.5052714,-122.5875586,31308.15860304678
75166,2,STOPPED_AT,13,1459,SE Division & Cesar Chavez Blvd,45.504846,-122.62304,28541.729340798563
75174,4,STOPPED_AT,7,1396,SE Division & 142nd Ave,45.504233,-122.516993,12563.561930305266
75180,4,DWELL_AT,7,1396,SE Division & 142nd Ave,45.504233,-122.516993,12563.561930305266
75180,2,TRANSIT_TO,14,1482,SE Division & 67th Ave,45.504921,-122.619466125,28820.367787378167
75180,3,TRANSIT_TO,12,1452,SE Division & 34th Ave,45.50483443478261,-122.63264313043479,27793.340293015197
75180,1,TRANSIT_TO,15,1499,SE Division & 82nd Ave,45.5050774,-122.5799026,31905.18270261499
75183,1,STOPPED_AT,15,1499,SE Division & 82nd Ave,45.505058,-122.579137,31964.885112571814
75208,2,STOPPED_AT,14,1482,SE Division & 67th Ave,45.505446,-122.594449,30770.83691343539
75210,4,TRANSIT_TO,8,1416,SE Division & 162nd Ave,45.5042618125,-122.5156899375,12665.161909205086
75210,3,TRANSIT_TO,12,1452,SE Division & 34th Ave,45.50482660869565,-122.63070878260869,27944.088202191084
75210,2,DWELL_AT,14,1482,SE Division & 67th Ave,45.505446,-122.594449,30770.83691343539
75210,1,TRANSIT_TO,16,1501,SE Division & 85th Ave,45.50492949206349,-122.57776649206349,32072.641540310757
75220,3,STOPPED_AT,12,1452,SE Division & 34th Ave,45.504824,-122.630064,27994.337505249714
75240,4,TRANSIT_TO,8,1416,SE Division & 162nd Ave,45.5044346875,-122.5078715625,13274.761782604004
75240,2,TRANSIT_TO,15,1499,SE Division & 82nd Ave,45.505268440677966,-122.58744181355932,31317.26575032833
75240,1,TRANSIT_TO,16,1501,SE Division & 85th Ave,45.50476187301587,-122.57597887301587,32213.19340257894
75240,3,TRANSIT_TO,13,1459,SE Division & Cesar Chavez Blvd,45.50482904918033,-122.62845193442624,28119.968418326498
75250,1,STOPPED_AT,16,1501,SE Division & 85th Ave,45.504706,-122.575383,32260.044023335002
75270,2,TRANSIT_TO,15,1499,SE Division & 82nd Ave,45.50507115254237,-122.57965605084746,31924.408902431594
75270,3,TRANSIT_TO,13,1459,SE Division & Cesar Chavez Blvd,45.50483986885246,-122.62499750819673,28389.177517776752
75270,4,TRANSIT_TO,8,1416,SE Division & 162nd Ave,45.5046075625,-122.5000531875,13884.361656002922
75270,1,TRANSIT_TO,17,3007,NW Irving & 5th,45.50677791111111,-122.58431375555556,32993.03071344534
75272,2,STOPPED_AT,15,1499,SE Division & 82nd Ave,45.505058,-122.579137,31964.885112571814
75285,4,STOPPED_AT,8,1416,SE Division & 162nd Ave,45.504694,-122.496144,14189.161592702381
75287,3,STOPPED_AT,13,1459,SE Division & Cesar Chavez Blvd,45.504846,-122.62304,28541.729340798563
75300,2,TRANSIT_TO,16,1501,SE Division & 85th Ave,45.504907967213114,-122.57753693442623,32090.69054994629
75300,3,TRANSIT_TO,14,1482,SE Division & 67th Ave,45.50488654054054,-122.62110817567567,28692.34471732808
75300,1,TRANSIT_TO,17,3007,NW Irving & 5th,45.514547577777776,-122.61780408888889,35741.730801359095
75300,4,TRANSIT_TO,9,1423,SE Division & 174th Ave,45.504695,-122.493791,14372.533393933405
75330,2,TRANSIT_TO,16,1501,SE Division & 85th Ave,45.504734852459016,-122.57569070491803,32235.850669993757
75330,3,TRANSIT_TO,14,1482,SE Division & 67th Ave,45.50512978378379,-122.60951722972973,29596.03697650517
75330,1,TRANSIT_TO,17,3007,NW Irving & 5th,45.522317244444444,-122.65129442222222,38490.43088927285
75330,4,TRANSIT_TO,9,1423,SE Division & 174th Ave,45.5046975,-122.4879085,14830.962897010966
75335,2,STOPPED_AT,16,1501,SE Division & 85th Ave,45.504706,-122.575383,32260.044023335002
75348,4,STOPPED_AT,9,1423,SE Division & 174th Ave,45.504699,-122.484379,15106.020598857502
75352,1,STOPPED_AT,17,3007,NW Irving & 5th,45.528015,-122.675854,40506.14428707628
75360,1,DWELL_AT,17,3007,NW Irving & 5th,45.528015,-122.675854,40506.14428707628
75360,3,TRANSIT_TO,14,1482,SE Division & 67th Ave,45.50537302702703,-122.59792628378378,30499.72923568226
75360,2,TRANSIT_TO,17,3007,NW Irving & 5th,45.509682078651686,-122.59683186516854,34020.44745042583
75360,4,TRANSIT_TO,10,1442,SE Division & 26th Ave,45.50471736065574,-122.50222704918033,16496.937107951107
75369,3,STOPPED_AT,14,1482,SE Division & 67th Ave,45.505446,-122.594449,30770.83691343539
75390,3,TRANSIT_TO,15,1499,SE Division & 82nd Ave,45.5053684,-122.59138659999999,31009.646553262675
75390,2,TRANSIT_TO,17,3007,NW Irving & 5th,45.517539044943824,-122.63069849438203,36800.03180899031
75390,1,TRANSIT_TO,18,3398,SW Lincoln & 1st,45.515366066666665,-122.67829676666666,41925.45996206476
75390,4,TRANSIT_TO,10,1442,SE Division & 26th Ave,45.50479604918033,-122.57871868852459,22458.00786120941
75401,1,STOPPED_AT,18,3398,SW Lincoln & 1st,45.508043,-122.679711,42747.16903705809
75414,4,STOPPED_AT,10,1442,SE Division & 26th Ave,45.504859,-122.639912,27226.864463816055
75420,3,TRANSIT_TO,15,1499,SE Division & 82nd Ave,45.5051744,-122.5837306,31606.670652830886
75420,2,TRANSIT_TO,17,3007,NW Irving & 5th,45.525396011235955,-122.66456512359551,39579.616167554785
75420,4,DWELL_AT,10,1442,SE Division & 26th Ave,45.504859,-122.639912,27226.864463816055
75420,1,TRANSIT_TO,19,7797,SW 6th & Harvey Milk,45.51511061290322,-122.67851003225806,43538.603278449846
75430,2,STOPPED_AT,17,3007,NW Irving & 5th,45.528015,-122.675854,40506.14428707628
75434,1,STOPPED_AT,19,7797,SW 6th & Harvey Milk,45.520931,-122.677521,44190.37265371364
75438,3,STOPPED_AT,15,1499,SE Division & 82nd Ave,45.505058,-122.579137,31964.885112571814
75450,3,TRANSIT_TO,16,1501,SE Division & 85th Ave,45.50501183606557,-122.57864467213115,32003.594477917806
75450,2,TRANSIT_TO,18,3398,SW Lincoln & 1st,45.52535206666667,-122.67636826666667,40804.94758707385
75450,4,TRANSIT_TO,11,1448,SE Division & 30th Ave,45.50485207407407,-122.6377124074074,27398.282291727915
75450,1,TRANSIT_TO,20,7800,SW 6th & Taylor,45.52078475824175,-122.6775999010989,44207.75712844539
75466,4,STOPPED_AT,11,1448,SE Division & 30th Ave,45.504842,-122.634513,27647.61731414517
75480,4,DWELL_AT,11,1448,SE Division & 30th Ave,45.504842,-122.634513,27647.61731414517
75480,2,TRANSIT_TO,18,3398,SW Lincoln & 1st,45.515366066666665,-122.67829676666666,41925.45996206476
75480,1,TRANSIT_TO,20,7800,SW 6th & Taylor,45.51968794505494,-122.67819165934065,44338.14068893348
75480,3,TRANSIT_TO,16,1501,SE Division & 85th Ave,45.50483872131147,-122.57679844262296,32148.754597965275
75502,2,STOPPED_AT,18,3398,SW Lincoln & 1st,45.508043,-122.679711,42747.16903705809
75503,3,STOPPED_AT,16,1501,SE Division & 85th Ave,45.504706,-122.575383,32260.044023335002
75510,1,TRANSIT_TO,20,7800,SW 6th & Taylor,45.51859113186813,-122.67878341758242,44468.52424942158
75510,4,TRANSIT_TO,12,1452,SE Division & 34th Ave,45.5048345,-122.63265925,27792.08406043873
75510,3,DWELL_AT,16,1501,SE Division & 85th Ave,45.504706,-122.575383,32260.044023335002
75510,2,TRANSIT_TO,19,7797,SW 6th & Harvey Milk,45.5106206,-122.679273,43035.8097603892
75534,2,STOPPED_AT,19,7797,SW 6th & Harvey Milk,45.520931,-122.677521,44190.37265371364
75537,1,STOPPED_AT,20,7800,SW 6th & Taylor,45.517604,-122.679316,44585.86945386086
75540,4,TRANSIT_TO,12,1452,SE Division & 34th Ave,45.504825499999995,-122.63043475,27965.444155991
75540,3,TRANSIT_TO,17,3007,NW Irving & 5th,45.514187627118645,-122.61625255932204,35614.389893331456
75540,1,DWELL_AT,20,7800,SW 6th & Taylor,45.517604,-122.679316,44585.86945386086
75540,2,DWELL_AT,19,7797,SW 6th & Harvey Milk,45.520931,-122.677521,44190.37265371364
75545,4,STOPPED_AT,12,1452,SE Division & 34th Ave,45.504824,-122.630064,27994.337505249714
75570,3,TRANSIT_TO,17,3007,NW Irving & 5th,45.52603966101695,-122.66733950847458,39807.32223082702
75570,1,TRANSIT_TO,21,9263,SE Division & 148th Ave,45.511202137931036,-122.59766413793103,50988.07254256998
75570,2,TRANSIT_TO,20,7800,SW 6th & Taylor,45.51985777419355,-122.67810003225806,44317.95226666435
75570,4,TRANSIT_TO,13,1459,SE Division & Cesar Chavez Blvd,45.50483047058823,-122.62799811764707,28155.335103940553
75575,3,STOPPED_AT,17,3007,NW Irving & 5th,45.528015,-122.675854,40506.14428707628
75594,4,STOPPED_AT,13,1459,SE Division & Cesar Chavez Blvd,45.504846,-122.62304,28541.729340798563
75600,3,TRANSIT_TO,18,3398,SW Lincoln & 1st,45.526017800000005,-122.6762397,40730.24676207446
75600,4,DWELL_AT,13,1459,SE Division & Cesar Chavez Blvd,45.504846,-122.62304,28541.729340798563
75600,2,TRANSIT_TO,20,7800,SW 6th & Taylor,45.518784548387096,-122.67867906451613,44445.531879615075
75600,1,STOPPED_AT,21,9263,SE Division & 148th Ave,45.504343,-122.51018,57847.57585190117
75630,3,TRANSIT_TO,18,3398,SW Lincoln & 1st,45.5160318,-122.6781682,41850.75913706537
75630,4,TRANSIT_TO,14,1482,SE Division & 67th Ave,45.505081714285716,-122.61180782142857,29417.450172905887
75630,1,TRANSIT_TO,22,9300,NW 6th & Flanders,45.50956971111111,-122.55082157777778,61067.125760400006
75630,2,TRANSIT_TO,20,7800,SW 6th & Taylor,45.517711322580645,-122.67925809677419,44573.11149256579
75633,2,STOPPED_AT,20,7800,SW 6th & Taylor,45.517604,-122.679316,44585.86945386086
75647,4,STOPPED_AT,14,1482,SE Division & 67th Ave,45.505446,-122.594449,30770.83691343539
75654,3,STOPPED_AT,18,3398,SW Lincoln & 1st,45.508043,-122.679711,42747.16903705809
75660,1,TRANSIT_TO,22,9300,NW 6th & Flanders,45.51669704444444,-122.60624191111111,65457.42109017115
75660,3,TRANSIT_TO,19,7797,SW 6th & Harvey Milk,45.5093318,-122.679492,42891.48939872364
75660,4,DWELL_AT,14,1482,SE Division & 67th Ave,45.505446,-122.594449,30770.83691343539
75660,2,TRANSIT_TO,21,9263,SE Division & 148th Ave,45.5122996,-122.6116616,49890.55201307699
75687,3,STOPPED_AT,19,7797,SW 6th & Harvey Milk,45.520931,-122.677521,44190.37265371364
75690,3,DWELL_AT,19,7797,SW 6th & Harvey Milk,45.520931,-122.677521,44190.37265371364
75690,1,TRANSIT_TO,22,9300,NW 6th & Flanders,45.52382437777778,-122.66166224444444,69847.71641994228
75690,4,TRANSIT_TO,15,1499,SE Division & 82nd Ave,45.505083866666666,-122.58015780000001,31885.281899296053
75690,2,TRANSIT_TO,21,9263,SE Division & 148th Ave,45.5056691,-122.5270936,56521.40521209715
75692,4,STOPPED_AT,15,1499,SE Division & 82nd Ave,45.505058,-122.579137,31964.885112571814
75696,2,STOPPED_AT,21,9263,SE Division & 148th Ave,45.504343,-122.51018,57847.57585190117
75698,1,STOPPED_AT,22,9300,NW 6th & Flanders,45.525725,-122.676441,71018.4618412146
75720,4,TRANSIT_TO,16,1501,SE Division & 85th Ave,45.504803103448275,-122.5764185862069,32178.62087553826
75720,2,TRANSIT_TO,22,9300,NW 6th & Flanders,45.50995139344262,-122.55378944262296,61302.23447204896
75720,3,TRANSIT_TO,20,7800,SW 6th & Taylor,45.52001320689655,-122.67801617241379,44299.475219271495
75720,1,TRANSIT_TO,23,9425,NW Division & Angeline Ave,45.51617248387097,-122.57373429032258,79091.2001261801
75728,4,STOPPED_AT,16,1501,SE Division & 85th Ave,45.504706,-122.575383,32260.044023335002
75737,1,STOPPED_AT,23,9425,NW Division & Angeline Ave,45.504573,-122.449019,88893.8109007811
75750,4,TRANSIT_TO,17,3007,NW Irving & 5th,45.50625993333333,-122.58208106666667,32809.78404091775
75750,1,TRANSIT_TO,24,10613,SE Division & 43rd Ave,45.50465644444444,-122.46783944444445,90360.5304656103
75750,2,TRANSIT_TO,22,9300,NW 6th & Flanders,45.52046713114754,-122.63555714754098,67779.71938482605
75750,3,TRANSIT_TO,20,7800,SW 6th & Taylor,45.51886596551724,-122.67863513793104,44435.85342621881
75765,2,STOPPED_AT,22,9300,NW 6th & Flanders,45.525725,-122.676441,71018.4618412146
75780,3,TRANSIT_TO,20,7800,SW 6th & Taylor,45.51771872413793,-122.67925410344827,44572.23163316613
75780,4,TRANSIT_TO,17,3007,NW Irving & 5th,45.5140296,-122.61557140000001,35558.484128831515
75780,2,TRANSIT_TO,23,9425,NW Division & Angeline Ave,45.520948741935484,-122.62508764516129,75054.83098369735
75780,1,TRANSIT_TO,24,10613,SE Division & 43rd Ave,45.50501406349206,-122.5484984920635,96646.47145773542
75783,3,STOPPED_AT,20,7800,SW 6th & Taylor,45.517604,-122.679316,44585.86945386086
75804,2,STOPPED_AT,23,9425,NW Division & Angeline Ave,45.504573,-122.449019,88893.8109007811
75806,1,STOPPED_AT,24,10613,SE Division & 43rd Ave,45.505324,-122.618403,102094.28698424387
75810,1,DWELL_AT,24,10613,SE Division & 43rd Ave,45.505324,-122.618403,102094.28698424387
75810,3,TRANSIT_TO,21,9263,SE Division & 148th Ave,45.512603950819674,-122.61554340983606,49586.184980990816
75810,4,TRANSIT_TO,17,3007,NW Irving & 5th,45.52179926666667,-122.64906173333334,38307.18421674527
75810,2,DWELL_AT,23,9425,NW Division & Angeline Ave,45.504573,-122.449019,88893.8109007811
75834,4,STOPPED_AT,17,3007,NW Irving & 5th,45.528015,-122.675854,40506.14428707628
75840,2,TRANSIT_TO,24,10613,SE Division & 43rd Ave,45.50485221794872,-122.5119951025641,93801.68021386341
75840,1,STOPPED_AT,25,11486,SW 6th & Columbia,45.514267,-122.681095,107079.68055368381
75840,4,DWELL_AT,17,3007,NW Irving & 5th,45.528015,-122.675854,40506.14428707628
75840,3,TRANSIT_TO,21,9263,SE Division & 148th Ave,45.50608214754098,-122.5323617704918,56108.33566855162
75848,3,STOPPED_AT,21,9263,SE Division & 148th Ave,45.504343,-122.51018,57847.57585190117
75870,2,TRANSIT_TO,24,10613,SE Division & 43rd Ave,45.50514106410257,-122.5771427948718,98878.78639981063
75870,1,TRANSIT_TO,26,13298,SE Division & SE Division St MAX Station,45.50791837931034,-122.6066385862069,112924.44788914341
75870,4,TRANSIT_TO,18,3398,SW Lincoln & 1st,45.52757605494506,-122.67593876923077,40555.39757828467
75870,3,TRANSIT_TO,22,9300,NW 6th & Flanders,45.50626497752809,-122.52512480898876,59031.47571610912
75880,1,STOPPED_AT,26,13298,SE Division & SE Division St MAX Station,45.504577,-122.567451,116000.64122359584
75889,2,STOPPED_AT,24,10613,SE Division & 43rd Ave,45.505324,-122.618403,102094.28698424387
75900,4,TRANSIT_TO,18,3398,SW Lincoln & 1st,45.520991879120885,-122.6772103076923,41294.19694641054
75900,3,TRANSIT_TO,22,9300,NW 6th & Flanders,45.513472393258425,-122.58116784269663,63471.10020688893
75900,2,DWELL_AT,24,10613,SE Division & 43rd Ave,45.505324,-122.618403,102094.28698424387
75900,1,TRANSIT_TO,27,13733,South Waterfront/S Moody,45.50408725,-122.593536,118034.24157366212
75930,4,TRANSIT_TO,18,3398,SW Lincoln & 1st,45.514407703296705,-122.67848184615384,42032.996314536416
75930,2,TRANSIT_TO,25,11486,SW 6th & Columbia,45.5091993,-122.64556953333333,104254.62419766784
75930,1,TRANSIT_TO,27,13733,South Waterfront/S Moody,45.50310775,-122.645706,122101.44227379464
75930,3,TRANSIT_TO,22,9300,NW 6th & Flanders,45.52067980898877,-122.6372108764045,67910.72469766873
75945,1,STOPPED_AT,27,13733,South Waterfront/S Moody,45.502618,-122.671791,124135.04262386092
75951,3,STOPPED_AT,22,9300,NW 6th & Flanders,45.525725,-122.676441,71018.4618412146
75959,4,STOPPED_AT,18,3398,SW Lincoln & 1st,45.508043,-122.679711,42747.16903705809
75960,3,DWELL_AT,22,9300,NW 6th & Flanders,45.525725,-122.676441,71018.4618412146
75960,4,DWELL_AT,18,3398,SW Lincoln & 1st,45.508043,-122.679711,42747.16903705809
75960,2,TRANSIT_TO,25,11486,SW 6th & Columbia,45.5136708,-122.67691553333333,106747.32098238781
75960,1,TRANSIT_TO,28,13773,OMSI/SE Water,45.50300354838709,-122.67095525806451,124213.0162547837
75964,2,STOPPED_AT,25,11486,SW 6th & Columbia,45.514267,-122.681095,107079.68055368381
75990,3,TRANSIT_TO,23,9425,NW Division & Angeline Ave,45.52114206666667,-122.62716623333333,74891.454137454
75990,4,TRANSIT_TO,19,7797,SW 6th & Harvey Milk,45.518783,-122.677886,43949.83871760438
75990,1,TRANSIT_TO,28,13773,OMSI/SE Water,45.50428870967742,-122.6681694516129,124472.92835785958
75990,2,TRANSIT_TO,26,13298,SE Division & SE Division St MAX Station,45.513436428571424,-122.67135408571428,107844.33432539055
75995,4,STOPPED_AT,19,7797,SW 6th & Harvey Milk,45.520931,-122.677521,44190.37265371364
76020,1,TRANSIT_TO,28,13773,OMSI/SE Water,45.505573870967744,-122.6653836451613,124732.84046093546
76020,4,TRANSIT_TO,20,7800,SW 6th & Taylor,45.5205727076923,-122.67771430769231,44232.964616806414
76020,3,TRANSIT_TO,23,9425,NW Division & Angeline Ave,45.51056606666667,-122.51345523333333,83829.12866723725
76020,2,TRANSIT_TO,26,13298,SE Division & SE Division St MAX Station,45.50928357142857,-122.62264951428571,111667.60318392428
76037,3,STOPPED_AT,23,9425,NW Division & Angeline Ave,45.504573,-122.449019,88893.8109007811
76044,1,STOPPED_AT,28,13773,OMSI/SE Water,45.506602,-122.663155,124940.77014339618
76050,3,DWELL_AT,23,9425,NW Division & Angeline Ave,45.504573,-122.449019,88893.8109007811
76050,1,DWELL_AT,28,13773,OMSI/SE Water,45.506602,-122.663155,124940.77014339618
76050,4,TRANSIT_TO,20,7800,SW 6th & Taylor,45.51903716923077,-122.67854276923077,44415.50160148975
76050,2,TRANSIT_TO,26,13298,SE Division & SE Division St MAX Station,45.50513071428571,-122.57394494285715,115490.87204245801
76054,2,STOPPED_AT,26,13298,SE Division & SE Division St MAX Station,45.504577,-122.567451,116000.64122359584
76078,4,STOPPED_AT,20,7800,SW 6th & Taylor,45.517604,-122.679316,44585.86945386086
76080,4,DWELL_AT,20,7800,SW 6th & Taylor,45.517604,-122.679316,44585.86945386086
76080,1,TRANSIT_TO,29,13780,SW Hall & 5th,45.5077150326087,-122.66912301086957,125422.01961613755
76080,2,TRANSIT_TO,27,13733,South Waterfront/S Moody,45.504122232142855,-122.5916727857143,117888.98440580023
76080,3,TRANSIT_TO,24,10613,SE Division & 43rd Ave,45.50478578333333,-122.49701113333334,92633.94579109555
76110,4,TRANSIT_TO,21,9263,SE Division & 148th Ave,45.51442136,-122.63872336,47768.67898939054
76110,1,TRANSIT_TO,29,13780,SW Hall & 5th,45.508866445652174,-122.6752968152174,125919.86389828379
76110,3,TRANSIT_TO,24,10613,SE Division & 43rd Ave,45.50516128333334,-122.58170313333333,99234.18383282694
76110,2,TRANSIT_TO,27,13733,South Waterfront/S Moody,45.50307276785714,-122.64756921428571,122246.69944165653
76123,2,STOPPED_AT,27,13733,South Waterfront/S Moody,45.502618,-122.671791,124135.04262386092
76123,3,STOPPED_AT,24,10613,SE Division & 43rd Ave,45.505324,-122.618403,102094.28698424387
76140,1,TRANSIT_TO,29,13780,SW Hall & 5th,45.510017858695655,-122.68147061956522,126417.70818043003
76140,3,DWELL_AT,24,10613,SE Division & 43rd Ave,45.505324,-122.618403,102094.28698424387
76140,2,DWELL_AT,27,13733,South Waterfront/S Moody,45.502618,-122.671791,124135.04262386092
76140,4,TRANSIT_TO,21,9263,SE Division & 148th Ave,45.51044306,-122.58798256,51747.19090880263
76143,1,STOPPED_AT,29,13780,SW Hall & 5th,45.510133,-122.682088,126467.49260864465
76170,1,TRANSIT_TO,30,14232,Cleveland Ave Park & Ride,45.50862721428572,-122.62570428571428,130864.57179546727
76170,3,TRANSIT_TO,25,11486,SW 6th & Columbia,45.50606925,-122.62362733333333,102509.73644836387
76170,2,TRANSIT_TO,28,13773,OMSI/SE Water,45.5042116,-122.6683366,124457.33363167502
76170,4,TRANSIT_TO,21,9263,SE Division & 148th Ave,45.50646476,-122.53724176,55725.70282821472
76186,4,STOPPED_AT,21,9263,SE Division & 148th Ave,45.504343,-122.51018,57847.57585190117
76200,3,TRANSIT_TO,25,11486,SW 6th & Columbia,45.51054075,-122.65497333333333,105002.43323308384
76200,4,DWELL_AT,21,9263,SE Division & 148th Ave,45.504343,-122.51018,57847.57585190117
76200,1,TRANSIT_TO,30,14232,Cleveland Ave Park & Ride,45.50647609183674,-122.54515612244897,137146.11349092817
76200,2,TRANSIT_TO,28,13773,OMSI/SE Water,45.5062036,-122.6640186,124860.19739144265
76206,2,STOPPED_AT,28,13773,OMSI/SE Water,45.506602,-122.663155,124940.77014339618
76225,3,STOPPED_AT,25,11486,SW 6th & Columbia,45.514267,-122.681095,107079.68055368381
76230,4,TRANSIT_TO,22,9300,NW 6th & Flanders,45.5066986440678,-122.5284968898305,59298.60566428316
76230,1,TRANSIT_TO,30,14232,Cleveland Ave Park & Ride,45.50432496938776,-122.46460795918368,143427.65518638905
76230,3,DWELL_AT,25,11486,SW 6th & Columbia,45.514267,-122.681095,107079.68055368381
76230,2,TRANSIT_TO,29,13780,SW Hall & 5th,45.5067197,-122.66378610000001,124991.66089223779
76247,1,STOPPED_AT,30,14232,Cleveland Ave Park & Ride,45.503106,-122.418964,146987.19548048356
76260,2,TRANSIT_TO,29,13780,SW Hall & 5th,45.5084852,-122.6732526,125755.02212486204
76260,3,DWELL_AT,25,11486,SW 6th & Columbia,45.514267,-122.681095,107079.68055368381
76260,1,TRANSIT_TO,31,14233,Gresham Central Transit Center,45.503155101123596,-122.41976680898877,147049.99852940356
76260,4,TRANSIT_TO,22,9300,NW 6th & Flanders,45.51213474576271,-122.57076663559322,62647.13600054928
76288,2,STOPPED_AT,29,13780,SW Hall & 5th,45.510133,-122.682088,126467.49260864465
76290,1,TRANSIT_TO,31,14233,Gresham Central Transit Center,45.503302404494384,-122.42217523595505,147238.40767616354
76290,2,DWELL_AT,29,13780,SW Hall & 5th,45.510133,-122.682088,126467.49260864465
76290,4,TRANSIT_TO,22,9300,NW 6th & Flanders,45.51757084745763,-122.61303638135593,65995.66633681541
76290,3,TRANSIT_TO,26,13298,SE Division & SE Division St MAX Station,45.51299618032787,-122.66619086885245,108249.64260875423
76320,3,TRANSIT_TO,26,13298,SE Division & SE Division St MAX Station,45.508230606557376,-122.61030037704919,112637.00031526835
76320,2,TRANSIT_TO,30,14232,Cleveland Ave Park & Ride,45.50903991111112,-122.6411576,129659.44638870849
76320,1,TRANSIT_TO,31,14233,Gresham Central Transit Center,45.50344970786517,-122.42458366292135,147426.81682292355
76320,4,TRANSIT_TO,22,9300,NW 6th & Flanders,45.523006949152546,-122.65530612711864,69344.19667308153
76335,4,STOPPED_AT,22,9300,NW 6th & Flanders,45.525725,-122.676441,71018.4618412146
76339,1,STOPPED_AT,31,14233,Gresham Central Transit Center,45.503543,-122.426109,147546.14261587153
76343,3,STOPPED_AT,26,13298,SE Division & SE Division St MAX Station,45.504577,-122.567451,116000.64122359584
76350,2,TRANSIT_TO,30,14232,Cleveland Ave Park & Ride,45.50669757777778,-122.5534496,136499.34734598812
76350,1,TRANSIT_TO,32,14234,Gresham City Hall Park & Ride,45.503718666666664,-122.42785133333334,147683.3237897182
76350,4,DWELL_AT,22,9300,NW 6th & Flanders,45.525725,-122.676441,71018.4618412146
76350,3,DWELL_AT,26,13298,SE Division & SE Division St MAX Station,45.504577,-122.567451,116000.64122359584
76375,1,STOPPED_AT,32,14234,Gresham City Hall Park & Ride,45.504597,-122.436563,148369.22965895166
76380,2,TRANSIT_TO,30,14232,Cleveland Ave Park & Ride,45.50435524444445,-122.4657416,143339.24830326776
76380,1,TRANSIT_TO,33,14235,18000 Block SE Division,45.504598484374995,-122.43719615625001,148418.57251333515
76380,4,DWELL_AT,22,9300,NW 6th & Flanders,45.525725,-122.676441,71018.4618412146
76380,3,TRANSIT_TO,27,13733,South Waterfront/S Moody,45.50435933333333,-122.57904433333334,116904.46360140307
76396,2,STOPPED_AT,30,14232,Cleveland Ave Park & Ride,45.503106,-122.418964,146987.19548048356
76410,2,DWELL_AT,30,14232,Cleveland Ave Park & Ride,45.503106,-122.418964,146987.19548048356
76410,4,TRANSIT_TO,23,9425,NW Division & Angeline Ave,45.51182511428571,-122.52699225714287,82765.11979464401
76410,3,TRANSIT_TO,27,13733,South Waterfront/S Moody,45.50342647619048,-122.62873004761904,120777.98807771978
76410,1,TRANSIT_TO,33,14235,18000 Block SE Division,45.504643015625,-122.45619084375001,149898.85814483973
76422,4,STOPPED_AT,23,9425,NW Division & Angeline Ave,45.504573,-122.449019,88893.8109007811
76436,3,STOPPED_AT,27,13733,South Waterfront/S Moody,45.502618,-122.671791,124135.04262386092
76440,4,DWELL_AT,23,9425,NW Division & Angeline Ave,45.504573,-122.449019,88893.8109007811
76440,2,TRANSIT_TO,31,14233,Gresham Central Transit Center,45.50329436206897,-122.42204374137931,147228.12096987493
76440,3,DWELL_AT,27,13733,South Waterfront/S Moody,45.502618,-122.671791,124135.04262386092
76440,1,TRANSIT_TO,33,14235,18000 Block SE Division,45.504687546875,-122.47518553125,151379.1437763443
76443,1,STOPPED_AT,33,14235,18000 Block SE Division,45.504692,-122.477085,151527.17233949478
76470,2,TRANSIT_TO,31,14233,Gresham Central Transit Center,45.50352039655172,-122.42573943103449,147517.23155714458
76470,4,TRANSIT_TO,24,10613,SE Division & 43rd Ave,45.50465644444444,-122.46783944444445,90360.5304656103
76470,1,TRANSIT_TO,34,14236,SE Division & 168th Ave,45.504695,-122.481425,151865.3932735986
76470,3,DWELL_AT,27,13733,South Waterfront/S Moody,45.502618,-122.671791,124135.04262386092
76473,2,STOPPED_AT,31,14233,Gresham Central Transit Center,45.503543,-122.426109,147546.14261587153
76500,1,TRANSIT_TO,34,14236,SE Division & 168th Ave,45.504699736842106,-122.48827763157895,152399.42632744677
76500,4,TRANSIT_TO,24,10613,SE Division & 43rd Ave,45.50501406349206,-122.5484984920635,96646.47145773542
76500,2,TRANSIT_TO,32,14234,Gresham City Hall Park & Ride,45.503739508474574,-122.42805805084745,147699.5995222085
76500,3,TRANSIT_TO,28,13773,OMSI/SE Water,45.5043444,-122.66804873333334,124484.19121565954
76508,1,STOPPED_AT,34,14236,SE Division & 168th Ave,45.504701,-122.490105,152541.83514180628
76526,4,STOPPED_AT,24,10613,SE Division & 43rd Ave,45.505324,-122.618403,102094.28698424387
76530,1,TRANSIT_TO,35,14237,SE Division & 157th Ave,45.50468438666666,-122.49122686666666,152629.28303788466
76530,2,TRANSIT_TO,32,14234,Gresham City Hall Park & Ride,45.504275440677965,-122.4333736440678,148118.11835767297
76530,4,DWELL_AT,24,10613,SE Division & 43rd Ave,45.505324,-122.618403,102094.28698424387
76530,3,TRANSIT_TO,28,13773,OMSI/SE Water,45.5063364,-122.66373073333334,124887.05497542716
76534,3,STOPPED_AT,28,13773,OMSI/SE Water,45.506602,-122.663155,124940.77014339618
76548,2,STOPPED_AT,32,14234,Gresham City Hall Park & Ride,45.504597,-122.436563,148369.22965895166
76560,4,DWELL_AT,24,10613,SE Division & 43rd Ave,45.505324,-122.618403,102094.28698424387
76560,2,DWELL_AT,32,14234,Gresham City Hall Park & Ride,45.504597,-122.436563,148369.22965895166
76560,1,TRANSIT_TO,35,14237,SE Division & 157th Ave,45.504648786666664,-122.49363086666666,152816.67138662402
76560,3,DWELL_AT,28,13773,OMSI/SE Water,45.506602,-122.663155,124940.77014339618
76590,2,TRANSIT_TO,33,14235,18000 Block SE Division,45.50462708333333,-122.44939496666667,149369.24484112364
76590,3,TRANSIT_TO,29,13780,SW Hall & 5th,45.50736252307692,-122.66723287692308,125269.60267437277
76590,4,DWELL_AT,24,10613,SE Division & 43rd Ave,45.505324,-122.618403,102094.28698424387
76590,1,TRANSIT_TO,35,14237,SE Division & 157th Ave,45.50461318666667,-122.49603486666668,153004.0597353634
76620,2,TRANSIT_TO,33,14235,18000 Block SE Division,45.50467458333333,-122.46965596666666,150948.2161813952
76620,4,TRANSIT_TO,25,11486,SW 6th & Columbia,45.50873085714286,-122.64228566666667,103993.4845345067
76620,1,TRANSIT_TO,35,14237,SE Division & 157th Ave,45.50457758666666,-122.49843886666667,153191.44808410277
76620,3,TRANSIT_TO,29,13780,SW Hall & 5th,45.508992215384616,-122.67597118461538,125974.24381217976
76631,2,STOPPED_AT,33,14235,18000 Block SE Division,45.504692,-122.477085,151527.17233949478
76641,3,STOPPED_AT,29,13780,SW Hall & 5th,45.510133,-122.682088,126467.49260864465
76650,1,TRANSIT_TO,35,14237,SE Division & 157th Ave,45.504541986666666,-122.50084286666667,153378.83643284216
76650,3,DWELL_AT,29,13780,SW Hall & 5th,45.510133,-122.682088,126467.49260864465
76650,4,TRANSIT_TO,25,11486,SW 6th & Columbia,45.51298942857142,-122.672139,106367.48147233525
76650,2,DWELL_AT,33,14235,18000 Block SE Division,45.504692,-122.477085,151527.17233949478
76659,4,STOPPED_AT,25,11486,SW 6th & Columbia,45.514267,-122.681095,107079.68055368381
76666,1,STOPPED_AT,35,14237,SE Division & 157th Ave,45.504523,-122.502125,153478.77688550315
76680,4,DWELL_AT,25,11486,SW 6th & Columbia,45.514267,-122.681095,107079.68055368381
76680,2,TRANSIT_TO,34,14236,SE Division & 168th Ave,45.5046949,-122.48128033333333,151854.1192424618
76680,3,TRANSIT_TO,30,14232,Cleveland Ave Park & Ride,45.509575301587304,-122.66120514285714,128096.04045561599
76680,1,TRANSIT_TO,36,14238,SE Division & 116th Ave,45.504512444444444,-122.50392264957266,153618.8752638295
76710,1,TRANSIT_TO,36,14238,SE Division & 116th Ave,45.50444911111111,-122.51470854700855,154459.46553378776
76710,2,TRANSIT_TO,34,14236,SE Division & 168th Ave,45.5046979,-122.48562033333333,152192.34017656566
76710,4,DWELL_AT,25,11486,SW 6th & Columbia,45.514267,-122.681095,107079.68055368381
76710,3,TRANSIT_TO,30,14232,Cleveland Ave Park & Ride,45.50622911111111,-122.53590799999999,137867.32753744404
76738,3,STOPPED_AT,30,14232,Cleveland Ave Park & Ride,45.503106,-122.418964,146987.19548048356
76740,4,DWELL_AT,25,11486,SW 6th & Columbia,45.514267,-122.681095,107079.68055368381
76740,2,TRANSIT_TO,34,14236,SE Division & 168th Ave,45.504700899999996,-122.48996033333333,152530.56111066949
76740,1,TRANSIT_TO,36,14238,SE Division & 116th Ave,45.50438577777778,-122.52549444444445,155300.05580374599
76740,3,DWELL_AT,30,14232,Cleveland Ave Park & Ride,45.503106,-122.418964,146987.19548048356
76741,2,STOPPED_AT,34,14236,SE Division & 168th Ave,45.504701,-122.490105,152541.83514180628
76770,3,DWELL_AT,30,14232,Cleveland Ave Park & Ride,45.503106,-122.418964,146987.19548048356
76770,2,TRANSIT_TO,35,14237,SE Division & 157th Ave,45.50468581516587,-122.49113040284361,152621.76382136336
76770,1,TRANSIT_TO,36,14238,SE Division & 116th Ave,45.50432244444444,-122.53628034188034,156140.64607370424
76770,4,TRANSIT_TO,26,13298,SE Division & SE Division St MAX Station,45.5124905,-122.66026026666667,108715.19000983435
76792,1,STOPPED_AT,36,14238,SE Division & 116th Ave,45.504276,-122.54419,156757.07893834027
76800,1,TRANSIT_TO,37,14239,11100 Block SE Division,45.50427673333333,-122.5442669,156763.07243346778
76800,3,TRANSIT_TO,31,14233,Gresham Central Transit Center,45.50319825555556,-122.4204723888889,147105.1954312877
76800,2,TRANSIT_TO,35,14237,SE Division & 157th Ave,45.504660507109,-122.49283940758293,152754.97828729183
76800,4,TRANSIT_TO,26,13298,SE Division & SE Division St MAX Station,45.507645499999995,-122.60343826666667,113175.67034479036
76819,4,STOPPED_AT,26,13298,SE Division & SE Division St MAX Station,45.504577,-122.567451,116000.64122359584
76830,1,TRANSIT_TO,37,14239,11100 Block SE Division,45.50428773333333,-122.5454204,156852.97486038017
76830,4,DWELL_AT,26,13298,SE Division & SE Division St MAX Station,45.504577,-122.567451,116000.64122359584
76830,3,TRANSIT_TO,31,14233,Gresham Central Transit Center,45.50334392222222,-122.42285405555556,147291.51114308368
76830,2,TRANSIT_TO,35,14237,SE Division & 157th Ave,45.50463519905213,-122.49454841232227,152888.1927532203
76860,4,DWELL_AT,26,13298,SE Division & SE Division St MAX Station,45.504577,-122.567451,116000.64122359584
76860,1,TRANSIT_TO,37,14239,11100 Block SE Division,45.50429873333333,-122.5465739,156942.8772872926
76860,2,TRANSIT_TO,35,14237,SE Division & 157th Ave,45.50460989099526,-122.49625741706161,153021.40721914876
76860,3,TRANSIT_TO,31,14233,Gresham Central Transit Center,45.50348958888889,-122.42523572222223,147477.82685487968
76871,3,STOPPED_AT,31,14233,Gresham Central Transit Center,45.503543,-122.426109,147546.14261587153
76890,1,TRANSIT_TO,37,14239,11100 Block SE Division,45.50430973333333,-122.5477274,157032.77971420498
76890,4,TRANSIT_TO,27,13733,South Waterfront/S Moody,45.50318674193548,-122.64149874193548,121773.44221733235
76890,3,DWELL_AT,31,14233,Gresham Central Transit Center,45.503543,-122.426109,147546.14261587153
76890,2,TRANSIT_TO,35,14237,SE Division & 157th Ave,45.504584582938385,-122.49796642180095,153154.6216850772
76899,4,STOPPED_AT,27,13733,South Waterfront/S Moody,45.502618,-122.671791,124135.04262386092
76918,1,STOPPED_AT,37,14239,11100 Block SE Division,45.50432,-122.548804,157116.6886459899
76920,1,DWELL_AT,37,14239,11100 Block SE Division,45.50432,-122.548804,157116.6886459899
76920,4,DWELL_AT,27,13733,South Waterfront/S Moody,45.502618,-122.671791,124135.04262386092
76920,3,TRANSIT_TO,32,14234,Gresham City Hall Park & Ride,45.503806499999996,-122.42872249999999,147751.91437664157
76920,2,TRANSIT_TO,35,14237,SE Division & 157th Ave,45.504559274881515,-122.49967542654029,153287.83615100567
76950,1,TRANSIT_TO,38,14240,SE Division & 75th Ave,45.50479295238095,-122.56422323809524,158319.47215913568
76950,4,DWELL_AT,27,13733,South Waterfront/S Moody,45.502618,-122.671791,124135.04262386092
76950,2,TRANSIT_TO,35,14237,SE Division & 157th Ave,45.504533966824646,-122.50138443127963,153421.05061693414
76950,3,TRANSIT_TO,32,14234,Gresham City Hall Park & Ride,45.5043335,-122.43394950000001,148163.45789818163
76963,2,STOPPED_AT,35,14237,SE Division & 157th Ave,45.504523,-122.502125,153478.77688550315
76965,3,STOPPED_AT,32,14234,Gresham City Hall Park & Ride,45.504597,-122.436563,148369.22965895166
76980,4,TRANSIT_TO,28,13773,OMSI/SE Water,45.504278,-122.66819266666667,124470.76242366727
76980,3,DWELL_AT,32,14234,Gresham City Hall Park & Ride,45.504597,-122.436563,148369.22965895166
76980,2,DWELL_AT,35,14237,SE Division & 157th Ave,45.504523,-122.502125,153478.77688550315
76980,1,TRANSIT_TO,38,14240,SE Division & 75th Ave,45.50533866666667,-122.58201466666667,159707.29928968853
76987,1,STOPPED_AT,38,14240,SE Division & 75th Ave,45.505466,-122.586166,160031.12562015085
77010,2,DWELL_AT,35,14237,SE Division & 157th Ave,45.504523,-122.502125,153478.77688550315
77010,3,DWELL_AT,32,14234,Gresham City Hall Park & Ride,45.504597,-122.436563,148369.22965895166
77010,1,TRANSIT_TO,39,14241,SE Division & 59th Ave,45.50546074033149,-122.58770454696133,160151.02605180372
77010,4,TRANSIT_TO,28,13773,OMSI/SE Water,45.50627,-122.66387466666667,124873.62618343491
77015,4,STOPPED_AT,28,13773,OMSI/SE Water,45.506602,-122.663155,124940.77014339618
77040,3,TRANSIT_TO,33,14235,18000 Block SE Division,45.50463183333333,-122.45142106666667,149527.1419751508
77040,2,TRANSIT_TO,36,14238,SE Division & 116th Ave,45.50446438983051,-122.51210652542373,154256.6790675323
77040,1,TRANSIT_TO,39,14241,SE Division & 59th Ave,45.505451458563535,-122.59041962983426,160362.61504883823
77040,4,DWELL_AT,28,13773,OMSI/SE Water,45.506602,-122.663155,124940.77014339618
77070,1,TRANSIT_TO,39,14241,SE Division & 59th Ave,45.505442176795576,-122.59313471270718,160574.20404587273
77070,4,DWELL_AT,28,13773,OMSI/SE Water,45.506602,-122.663155,124940.77014339618
77070,2,TRANSIT_TO,36,14238,SE Division & 116th Ave,45.50440159322034,-122.52280101694916,155090.14569113497
77070,3,TRANSIT_TO,33,14235,18000 Block SE Division,45.50467933333333,-122.47168206666667,151106.11331542235
77078,3,STOPPED_AT,33,14235,18000 Block SE Division,45.504692,-122.477085,151527.17233949478
77100,3,DWELL_AT,33,14235,18000 Block SE Division,45.504692,-122.477085,151527.17233949478
77100,1,TRANSIT_TO,39,14241,SE Division & 59th Ave,45.505432895027624,-122.59584979558011,160785.79304290723
77100,4,TRANSIT_TO,29,13780,SW Hall & 5th,45.507688461538464,-122.66898053846154,125410.53090193417
77100,2,TRANSIT_TO,36,14238,SE Division & 116th Ave,45.50433879661017,-122.53349550847457,155923.6123147376
77130,3,TRANSIT_TO,34,14236,SE Division & 168th Ave,45.5046925,-122.47780833333334,151583.54249517876
77130,1,TRANSIT_TO,39,14241,SE Division & 59th Ave,45.505423613259666,-122.59856487845305,160997.38203994173
77130,4,TRANSIT_TO,29,13780,SW Hall & 5th,45.50931815384616,-122.67771884615384,126115.17203974116
77130,2,STOPPED_AT,36,14238,SE Division & 116th Ave,45.504276,-122.54419,156757.07893834027
77145,4,STOPPED_AT,29,13780,SW Hall & 5th,45.510133,-122.682088,126467.49260864465
77160,4,DWELL_AT,29,13780,SW Hall & 5th,45.510133,-122.682088,126467.49260864465
77160,2,TRANSIT_TO,37,14239,11100 Block SE Division,45.504279548387096,-122.5445620967742,156786.07972121524
77160,3,TRANSIT_TO,34,14236,SE Division & 168th Ave,45.5046955,-122.48214833333333,151921.76342928258
77160,1,TRANSIT_TO,39,14241,SE Division & 59th Ave,45.50541433149171,-122.60127996132597,161208.97103697623
77174,1,STOPPED_AT,39,14241,SE Division & 59th Ave,45.50541,-122.602547,161307.71256892566
77190,3,TRANSIT_TO,34,14236,SE Division & 168th Ave,45.504698499999996,-122.48648833333334,152259.9843633864
77190,2,TRANSIT_TO,37,14239,11100 Block SE Division,45.504290193548385,-122.54567838709677,156873.08206984017
77190,1,TRANSIT_TO,40,14242,SE Division & 51st Ave,45.50540242105263,-122.60418889473685,161435.6683490386
77190,4,DWELL_AT,29,13780,SW Hall & 5th,45.510133,-122.682088,126467.49260864465
77215,3,STOPPED_AT,34,14236,SE Division & 168th Ave,45.504701,-122.490105,152541.83514180628
77220,3,DWELL_AT,34,14236,SE Division & 168th Ave,45.504701,-122.490105,152541.83514180628
77220,1,TRANSIT_TO,40,14242,SE Division & 51st Ave,45.50538347368421,-122.60829363157896,161755.55779932093
77220,2,TRANSIT_TO,37,14239,11100 Block SE Division,45.504300838709675,-122.54679467741936,156960.08441846506
77220,4,TRANSIT_TO,30,14232,Cleveland Ave Park & Ride,45.507368278688524,-122.57856380327868,134540.81832871243
77235,1,STOPPED_AT,40,14242,SE Division & 51st Ave,45.505374,-122.610346,161915.5025244621
77250,4,TRANSIT_TO,30,14232,Cleveland Ave Park & Ride,45.50391237704918,-122.44915855737705,144632.47547879713
77250,3,TRANSIT_TO,35,14237,SE Division & 157th Ave,45.50469418660287,-122.49056509569378,152577.69894060807
77250,2,TRANSIT_TO,37,14239,11100 Block SE Division,45.504311483870964,-122.54791096774194,157047.08676708996
77250,1,TRANSIT_TO,41,14243,SE Division & 20th Ave,45.505357800000006,-122.61153376666667,162008.083242618
77257,4,STOPPED_AT,30,14232,Cleveland Ave Park & Ride,45.503106,-122.418964,146987.19548048356
77274,2,STOPPED_AT,37,14239,11100 Block SE Division,45.50432,-122.548804,157116.6886459899
77280,1,TRANSIT_TO,41,14243,SE Division & 20th Ave,45.5051958,-122.62341143333333,162933.89042417725
77280,3,TRANSIT_TO,35,14237,SE Division & 157th Ave,45.50466863636363,-122.49229045454545,152712.1881861148
77280,2,DWELL_AT,37,14239,11100 Block SE Division,45.50432,-122.548804,157116.6886459899
77280,4,DWELL_AT,30,14232,Cleveland Ave Park & Ride,45.503106,-122.418964,146987.19548048356
77310,3,TRANSIT_TO,35,14237,SE Division & 157th Ave,45.504643086124396,-122.49401581339713,152846.67743162153
77310,2,DWELL_AT,37,14239,11100 Block SE Division,45.50432,-122.548804,157116.6886459899
77310,4,DWELL_AT,30,14232,Cleveland Ave Park & Ride,45.503106,-122.418964,146987.19548048356
77310,1,TRANSIT_TO,41,14243,SE Division & 20th Ave,45.5050338,-122.6352891,163859.69760573652
77337,1,STOPPED_AT,41,14243,SE Division & 20th Ave,45.504888,-122.645979,164692.92406913984
77340,2,TRANSIT_TO,38,14240,SE Division & 75th Ave,45.50438112,-122.55079664,157272.1252846118
77340,3,TRANSIT_TO,35,14237,SE Division & 157th Ave,45.50461753588517,-122.49574117224881,152981.16667712826
77340,1,DWELL_AT,41,14243,SE Division & 20th Ave,45.504888,-122.645979,164692.92406913984
77340,4,TRANSIT_TO,31,14233,Gresham Central Transit Center,45.50325166666667,-122.42134566666667,147173.51119227955
77370,2,TRANSIT_TO,38,14240,SE Division & 75th Ave,45.50461032,-122.55826904,157855.01267944401
77370,1,TRANSIT_TO,42,14244,SE Division & 11th Ave,45.504891909952605,-122.64706667772512,164777.68874132665
77370,4,TRANSIT_TO,31,14233,Gresham Central Transit Center,45.503470166666666,-122.42491816666666,147452.98475997354
77370,3,TRANSIT_TO,35,14237,SE Division & 157th Ave,45.50459198564593,-122.49746653110049,153115.655922635
77380,4,STOPPED_AT,31,14233,Gresham Central Transit Center,45.503543,-122.426109,147546.14261587153
77400,3,TRANSIT_TO,35,14237,SE Division & 157th Ave,45.504566435406694,-122.49919188995216,153250.14516814172
77400,1,TRANSIT_TO,42,14244,SE Division & 11th Ave,45.50489660189574,-122.64837189099526,164879.4063479508
77400,2,TRANSIT_TO,38,14240,SE Division & 75th Ave,45.50483952,-122.56574144000001,158437.9000742762
77400,4,DWELL_AT,31,14233,Gresham Central Transit Center,45.503543,-122.426109,147546.14261587153
77430,1,TRANSIT_TO,42,14244,SE Division & 11th Ave,45.50490129383886,-122.6496771042654,164981.12395457498
77430,4,DWELL_AT,31,14233,Gresham Central Transit Center,45.503543,-122.426109,147546.14261587153
77430,3,TRANSIT_TO,35,14237,SE Division & 157th Ave,45.504540885167465,-122.50091724880383,153384.63441364843
77430,2,TRANSIT_TO,38,14240,SE Division & 75th Ave,45.50506872,-122.57321384000001,159020.78746910839
77451,3,STOPPED_AT,35,14237,SE Division & 157th Ave,45.504523,-122.502125,153478.77688550315
77460,2,TRANSIT_TO,38,14240,SE Division & 75th Ave,45.50529792,-122.58068624,159603.67486394057
77460,3,DWELL_AT,35,14237,SE Division & 157th Ave,45.504523,-122.502125,153478.77688550315
77460,1,TRANSIT_TO,42,14244,SE Division & 11th Ave,45.504905985781996,-122.65098231753554,165082.84156119914
77460,4,TRANSIT_TO,32,14234,Gresham City Hall Park & Ride,45.50407,-122.431336,147957.6861374116
77482,2,STOPPED_AT,38,14240,SE Division & 75th Ave,45.505466,-122.586166,160031.12562015085
77490,3,DWELL_AT,35,14237,SE Division & 157th Ave,45.504523,-122.502125,153478.77688550315
77490,2,DWELL_AT,38,14240,SE Division & 75th Ave,45.505466,-122.586166,160031.12562015085
77490,1,TRANSIT_TO,42,14244,SE Division & 11th Ave,45.50491067772512,-122.65228753080568,165184.55916782332
77490,4,STOPPED_AT,32,14234,Gresham City Hall Park & Ride,45.504597,-122.436563,148369.22965895166
77520,1,TRANSIT_TO,42,14244,SE Division & 11th Ave,45.50491536966825,-122.65359274407582,165286.27677444747
77520,2,DWELL_AT,38,14240,SE Division & 75th Ave,45.505466,-122.586166,160031.12562015085
77520,3,DWELL_AT,35,14237,SE Division & 157th Ave,45.504523,-122.502125,153478.77688550315
77520,4,DWELL_AT,32,14234,Gresham City Hall Park & Ride,45.504597,-122.436563,148369.22965895166
77550,4,DWELL_AT,32,14234,Gresham City Hall Park & Ride,45.504597,-122.436563,148369.22965895166
77550,2,TRANSIT_TO,39,14241,SE Division & 59th Ave,45.50545803791469,-122.5884950521327,160212.63087353116
77550,1,TRANSIT_TO,42,14244,SE Division & 11th Ave,45.50492006161138,-122.65489795734597,165387.99438107165
77550,3,TRANSIT_TO,36,14238,SE Division & 116th Ave,45.50446372,-122.5122206,154265.56937818407
77556,1,STOPPED_AT,42,14244,SE Division & 11th Ave,45.504921,-122.655159,165408.33790239648
77580,2,TRANSIT_TO,39,14241,SE Division & 59th Ave,45.50545007582938,-122.59082410426541,160394.13612691147
77580,3,TRANSIT_TO,36,14238,SE Division & 116th Ave,45.50438962,-122.5248401,155249.0599940352
77580,4,TRANSIT_TO,33,14235,18000 Block SE Division,45.504639749999996,-122.4547979,149790.30386519607
77610,4,TRANSIT_TO,33,14235,18000 Block SE Division,45.504687249999996,-122.47505890000001,151369.27520546762
77610,3,TRANSIT_TO,36,14238,SE Division & 116th Ave,45.50431552,-122.5374596,156232.55060988633
77610,2,TRANSIT_TO,39,14241,SE Division & 59th Ave,45.505442113744074,-122.5931531563981,160575.64138029178
77613,4,STOPPED_AT,33,14235,18000 Block SE Division,45.504692,-122.477085,151527.17233949478
77626,3,STOPPED_AT,36,14238,SE Division & 116th Ave,45.504276,-122.54419,156757.07893834027
77640,4,DWELL_AT,33,14235,18000 Block SE Division,45.504692,-122.477085,151527.17233949478
77640,3,DWELL_AT,36,14238,SE Division & 116th Ave,45.504276,-122.54419,156757.07893834027
77640,2,TRANSIT_TO,39,14241,SE Division & 59th Ave,45.50543415165877,-122.59548220853081,160757.14663367206
77670,3,TRANSIT_TO,37,14239,11100 Block SE Division,45.5042806504065,-122.54467765853659,156795.08646841705
77670,4,TRANSIT_TO,34,14236,SE Division & 168th Ave,45.50469229032258,-122.47750500000001,151559.90339763387
77670,2,TRANSIT_TO,39,14241,SE Division & 59th Ave,45.505426189573456,-122.5978112606635,160938.65188705237
77700,3,TRANSIT_TO,37,14239,11100 Block SE Division,45.50429138211382,-122.54580302439024,156882.79615320967
77700,2,TRANSIT_TO,39,14241,SE Division & 59th Ave,45.50541822748815,-122.60014031279621,161120.15714043268
77700,4,TRANSIT_TO,34,14236,SE Division & 168th Ave,45.504695193548386,-122.481705,151887.21397902467
77730,3,TRANSIT_TO,37,14239,11100 Block SE Division,45.50430211382114,-122.5469283902439,156970.50583800225
77730,2,TRANSIT_TO,39,14241,SE Division & 59th Ave,45.505410265402844,-122.60246936492891,161301.662393813
77730,4,TRANSIT_TO,34,14236,SE Division & 168th Ave,45.50469809677419,-122.485905,152214.52456041548
77731,2,STOPPED_AT,39,14241,SE Division & 59th Ave,45.50541,-122.602547,161307.71256892566
77760,3,TRANSIT_TO,37,14239,11100 Block SE Division,45.50431284552845,-122.54805375609756,157058.21552279484
77760,2,DWELL_AT,39,14241,SE Division & 59th Ave,45.50541,-122.602547,161307.71256892566
77760,4,STOPPED_AT,34,14236,SE Division & 168th Ave,45.504701,-122.490105,152541.83514180628
77780,3,STOPPED_AT,37,14239,11100 Block SE Division,45.50432,-122.548804,157116.6886459899
77790,4,DWELL_AT,34,14236,SE Division & 168th Ave,45.504701,-122.490105,152541.83514180628
77790,3,DWELL_AT,37,14239,11100 Block SE Division,45.50432,-122.548804,157116.6886459899
77790,2,DWELL_AT,39,14241,SE Division & 59th Ave,45.50541,-122.602547,161307.71256892566
77820,3,DWELL_AT,37,14239,11100 Block SE Division,45.50432,-122.548804,157116.6886459899
77820,2,DWELL_AT,39,14241,SE Division & 59th Ave,45.50541,-122.602547,161307.71256892566
77820,4,TRANSIT_TO,35,14237,SE Division & 157th Ave,45.50467315642458,-122.49198522346369,152688.39586149072
77850,2,DWELL_AT,39,14241,SE Division & 59th Ave,45.50541,-122.602547,161307.71256892566
77850,4,TRANSIT_TO,35,14237,SE Division & 157th Ave,45.50464332402235,-122.49399974860336,152845.42520400975
77850,3,DWELL_AT,37,14239,11100 Block SE Division,45.50432,-122.548804,157116.6886459899
77880,4,TRANSIT_TO,35,14237,SE Division & 157th Ave,45.50461349162011,-122.49601427374301,153002.45454652875
77880,2,DWELL_AT,39,14241,SE Division & 59th Ave,45.50541,-122.602547,161307.71256892566
77880,3,DWELL_AT,37,14239,11100 Block SE Division,45.50432,-122.548804,157116.6886459899
77910,3,TRANSIT_TO,38,14240,SE Division & 75th Ave,45.5048548,-122.5662396,158476.75923393166
77910,4,TRANSIT_TO,35,14237,SE Division & 157th Ave,45.50458365921788,-122.49802879888269,153159.48388904778
77910,2,DWELL_AT,39,14241,SE Division & 59th Ave,45.50541,-122.602547,161307.71256892566
77940,2,DWELL_AT,39,14241,SE Division & 59th Ave,45.50541,-122.602547,161307.71256892566
77940,4,TRANSIT_TO,35,14237,SE Division & 157th Ave,45.50455382681564,-122.50004332402236,153316.51323156682
77940,3,TRANSIT_TO,38,14240,SE Division & 75th Ave,45.5054278,-122.5849206,159933.97772101214
77942,3,STOPPED_AT,38,14240,SE Division & 75th Ave,45.505466,-122.586166,160031.12562015085
77970,4,TRANSIT_TO,35,14237,SE Division & 157th Ave,45.504523994413404,-122.50205784916201,153473.54257408585
77970,3,DWELL_AT,38,14240,SE Division & 75th Ave,45.505466,-122.586166,160031.12562015085
77970,2,DWELL_AT,39,14241,SE Division & 59th Ave,45.50541,-122.602547,161307.71256892566
77971,4,STOPPED_AT,35,14237,SE Division & 157th Ave,45.504523,-122.502125,153478.77688550315
78000,4,DWELL_AT,35,14237,SE Division & 157th Ave,45.504523,-122.502125,153478.77688550315
78000,3,TRANSIT_TO,39,14241,SE Division & 59th Ave,45.50546002666667,-122.58791330666668,160167.29489468684
78000,2,DWELL_AT,39,14241,SE Division & 59th Ave,45.50541,-122.602547,161307.71256892566
78030,2,TRANSIT_TO,40,14242,SE Division & 51st Ave,45.505385172413796,-122.60792562068966,161726.87805550252
78030,4,DWELL_AT,35,14237,SE Division & 157th Ave,45.504523,-122.502125,153478.77688550315
78030,3,TRANSIT_TO,39,14241,SE Division & 59th Ave,45.505448826666665,-122.59118950666667,160422.6122844418
78039,2,STOPPED_AT,40,14242,SE Division & 51st Ave,45.505374,-122.610346,161915.5025244621
78060,2,DWELL_AT,40,14242,SE Division & 51st Ave,45.505374,-122.610346,161915.5025244621
78060,3,TRANSIT_TO,39,14241,SE Division & 59th Ave,45.50543762666666,-122.59446570666667,160677.92967419676
78060,4,TRANSIT_TO,36,14238,SE Division & 116th Ave,45.50446857627119,-122.51139355932204,154201.11462595878
78090,2,DWELL_AT,40,14242,SE Division & 51st Ave,45.505374,-122.610346,161915.5025244621
78090,3,TRANSIT_TO,39,14241,SE Division & 59th Ave,45.505426426666666,-122.59774190666667,160933.2470639517
78090,4,TRANSIT_TO,36,14238,SE Division & 116th Ave,45.50434298305085,-122.53278254237289,155868.0478731641
78106,4,STOPPED_AT,36,14238,SE Division & 116th Ave,45.504276,-122.54419,156757.07893834027
78120,2,DWELL_AT,40,14242,SE Division & 51st Ave,45.505374,-122.610346,161915.5025244621
78120,3,TRANSIT_TO,39,14241,SE Division & 59th Ave,45.50541522666666,-122.60101810666667,161188.56445370667
78120,4,DWELL_AT,36,14238,SE Division & 116th Ave,45.504276,-122.54419,156757.07893834027
78134,3,STOPPED_AT,39,14241,SE Division & 59th Ave,45.50541,-122.602547,161307.71256892566
78150,3,DWELL_AT,39,14241,SE Division & 59th Ave,45.50541,-122.602547,161307.71256892566
78150,2,TRANSIT_TO,41,14243,SE Division & 20th Ave,45.505309200000006,-122.61509706666668,162285.8253970858
78150,4,TRANSIT_TO,37,14239,11100 Block SE Division,45.504279292517005,-122.54453526530612,156783.98850830045
78180,4,TRANSIT_TO,37,14239,11100 Block SE Division,45.504288272108845,-122.54547689795919,156857.37824455547
78180,3,DWELL_AT,39,14241,SE Division & 59th Ave,45.50541,-122.602547,161307.71256892566
78180,2,TRANSIT_TO,41,14243,SE Division & 20th Ave,45.5051472,-122.62697473333334,163211.63257864505
78210,4,TRANSIT_TO,37,14239,11100 Block SE Division,45.50429725170068,-122.54641853061224,156930.7679808105
78210,3,DWELL_AT,39,14241,SE Division & 59th Ave,45.50541,-122.602547,161307.71256892566
78210,2,TRANSIT_TO,41,14243,SE Division & 20th Ave,45.5049852,-122.6388524,164137.4397602043
78228,2,STOPPED_AT,41,14243,SE Division & 20th Ave,45.504888,-122.645979,164692.92406913984
78240,4,TRANSIT_TO,37,14239,11100 Block SE Division,45.50430623129252,-122.54736016326531,157004.15771706554
78240,3,DWELL_AT,39,14241,SE Division & 59th Ave,45.50541,-122.602547,161307.71256892566
78240,2,DWELL_AT,41,14243,SE Division & 20th Ave,45.504888,-122.645979,164692.92406913984
78270,3,DWELL_AT,39,14241,SE Division & 59th Ave,45.50541,-122.602547,161307.71256892566
78270,4,TRANSIT_TO,37,14239,11100 Block SE Division,45.50431521088435,-122.54830179591838,157077.54745332056
78270,2,DWELL_AT,41,14243,SE Division & 20th Ave,45.504888,-122.645979,164692.92406913984
78286,4,STOPPED_AT,37,14239,11100 Block SE Division,45.50432,-122.548804,157116.6886459899
78300,3,DWELL_AT,39,14241,SE Division & 59th Ave,45.50541,-122.602547,161307.71256892566
78300,2,DWELL_AT,41,14243,SE Division & 20th Ave,45.504888,-122.645979,164692.92406913984
78300,4,DWELL_AT,37,14239,11100 Block SE Division,45.50432,-122.548804,157116.6886459899
78330,2,DWELL_AT,41,14243,SE Division & 20th Ave,45.504888,-122.645979,164692.92406913984
78330,4,DWELL_AT,37,14239,11100 Block SE Division,45.50432,-122.548804,157116.6886459899
78330,3,DWELL_AT,39,14241,SE Division & 59th Ave,45.50541,-122.602547,161307.71256892566
78360,3,DWELL_AT,39,14241,SE Division & 59th Ave,45.50541,-122.602547,161307.71256892566
78360,2,DWELL_AT,41,14243,SE Division & 20th Ave,45.504888,-122.645979,164692.92406913984
78360,4,DWELL_AT,37,14239,11100 Block SE Division,45.50432,-122.548804,157116.6886459899
78390,2,TRANSIT_TO,42,14244,SE Division & 11th Ave,45.50489331666667,-122.647458,164808.18518672007
78390,3,DWELL_AT,39,14241,SE Division & 59th Ave,45.50541,-122.602547,161307.71256892566
78390,4,DWELL_AT,37,14239,11100 Block SE Division,45.50432,-122.548804,157116.6886459899
78420,2,TRANSIT_TO,42,14244,SE Division & 11th Ave,45.50489881666667,-122.648988,164927.4208255962
78420,4,TRANSIT_TO,38,14240,SE Division & 75th Ave,45.50449047933884,-122.55436198347108,157550.24125371632
78420,3,DWELL_AT,39,14241,SE Division & 59th Ave,45.50541,-122.602547,161307.71256892566
78450,3,DWELL_AT,39,14241,SE Division & 59th Ave,45.50541,-122.602547,161307.71256892566
78450,4,TRANSIT_TO,38,14240,SE Division & 75th Ave,45.50477461157025,-122.56362528925621,158272.82893326035
78450,2,TRANSIT_TO,42,14244,SE Division & 11th Ave,45.50490431666667,-122.65051799999999,165046.6564644723
78480,2,TRANSIT_TO,42,14244,SE Division & 11th Ave,45.50490981666667,-122.652048,165165.8921033484
78480,3,DWELL_AT,39,14241,SE Division & 59th Ave,45.50541,-122.602547,161307.71256892566
78480,4,TRANSIT_TO,38,14240,SE Division & 75th Ave,45.505058743801655,-122.57288859504133,158995.4166128044
78510,4,TRANSIT_TO,38,14240,SE Division & 75th Ave,45.505342876033055,-122.58215190082645,159718.00429234843
78510,2,TRANSIT_TO,42,14244,SE Division & 11th Ave,45.50491531666667,-122.653578,165285.12774222452
78510,3,DWELL_AT,39,14241,SE Division & 59th Ave,45.50541,-122.602547,161307.71256892566
78523,4,STOPPED_AT,38,14240,SE Division & 75th Ave,45.505466,-122.586166,160031.12562015085
78540,2,TRANSIT_TO,42,14244,SE Division & 11th Ave,45.50492081666667,-122.655108,165404.36338110061
78540,4,DWELL_AT,38,14240,SE Division & 75th Ave,45.505466,-122.586166,160031.12562015085
78540,3,DWELL_AT,39,14241,SE Division & 59th Ave,45.50541,-122.602547,161307.71256892566
78541,2,STOPPED_AT,42,14244,SE Division & 11th Ave,45.504921,-122.655159,165408.33790239648
78570,4,DWELL_AT,38,14240,SE Division & 75th Ave,45.505466,-122.586166,160031.12562015085
78570,3,DWELL_AT,39,14241,SE Division & 59th Ave,45.50541,-122.602547,161307.71256892566
78600,3,DWELL_AT,39,14241,SE Division & 59th Ave,45.50541,-122.602547,161307.71256892566
78600,4,DWELL_AT,38,14240,SE Division & 75th Ave,45.505466,-122.586166,160031.12562015085
78630,3,DWELL_AT,39,14241,SE Division & 59th Ave,45.50541,-122.602547,161307.71256892566
78630,4,TRANSIT_TO,39,14241,SE Division & 59th Ave,45.505463647058825,-122.58685427731093,160084.76372724224
78660,3,DWELL_AT,39,14241,SE Division & 59th Ave,45.50541,-122.602547,161307.71256892566
78660,4,TRANSIT_TO,39,14241,SE Division & 59th Ave,45.50544952941176,-122.59098394117648,160406.5923697905
78690,3,DWELL_AT,39,14241,SE Division & 59th Ave,45.50541,-122.602547,161307.71256892566
78690,4,TRANSIT_TO,39,14241,SE Division & 59th Ave,45.5054354117647,-122.59511360504202,160728.42101233877
78720,3,TRANSIT_TO,40,14242,SE Division & 51st Ave,45.505402227272725,-122.604230875,161438.9399456892
78720,4,TRANSIT_TO,39,14241,SE Division & 59th Ave,45.505421294117646,-122.59924326890757,161050.24965488704
78744,4,STOPPED_AT,39,14241,SE Division & 59th Ave,45.50541,-122.602547,161307.71256892566
78750,4,DWELL_AT,39,14241,SE Division & 59th Ave,45.50541,-122.602547,161307.71256892566
78750,3,TRANSIT_TO,40,14242,SE Division & 51st Ave,45.50538995454546,-122.60688962500001,161646.1410668948
78780,4,DWELL_AT,39,14241,SE Division & 59th Ave,45.50541,-122.602547,161307.71256892566
78780,3,TRANSIT_TO,40,14242,SE Division & 51st Ave,45.50537768181818,-122.609548375,161853.34218810042
78789,3,STOPPED_AT,40,14242,SE Division & 51st Ave,45.505374,-122.610346,161915.5025244621
78810,4,DWELL_AT,39,14241,SE Division & 59th Ave,45.50541,-122.602547,161307.71256892566
78810,3,DWELL_AT,40,14242,SE Division & 51st Ave,45.505374,-122.610346,161915.5025244621
78840,3,DWELL_AT,40,14242,SE Division & 51st Ave,45.505374,-122.610346,161915.5025244621
78840,4,DWELL_AT,39,14241,SE Division & 59th Ave,45.50541,-122.602547,161307.71256892566
78870,4,DWELL_AT,39,14241,SE Division & 59th Ave,45.50541,-122.602547,161307.71256892566
78870,3,DWELL_AT,40,14242,SE Division & 51st Ave,45.505374,-122.610346,161915.5025244621
78900,3,TRANSIT_TO,41,14243,SE Division & 20th Ave,45.505179600000005,-122.6245992,163026.4711423332
78900,4,DWELL_AT,39,14241,SE Division & 59th Ave,45.50541,-122.602547,161307.71256892566
78918,3,STOPPED_AT,41,14243,SE Division & 20th Ave,45.504888,-122.645979,164692.92406913984
78930,3,DWELL_AT,41,14243,SE Division & 20th Ave,45.504888,-122.645979,164692.92406913984
78930,4,DWELL_AT,39,14241,SE Division & 59th Ave,45.50541,-122.602547,161307.71256892566
78960,3,DWELL_AT,41,14243,SE Division & 20th Ave,45.504888,-122.645979,164692.92406913984
78960,4,DWELL_AT,39,14241,SE Division & 59th Ave,45.50541,-122.602547,161307.71256892566
78990,4,DWELL_AT,39,14241,SE Division & 59th Ave,45.50541,-122.602547,161307.71256892566
78990,3,DWELL_AT,41,14243,SE Division & 20th Ave,45.504888,-122.645979,164692.92406913984
79020,4,DWELL_AT,39,14241,SE Division & 59th Ave,45.50541,-122.602547,161307.71256892566
79020,3,DWELL_AT,41,14243,SE Division & 20th Ave,45.504888,-122.645979,164692.92406913984
79050,4,DWELL_AT,39,14241,SE Division & 59th Ave,45.50541,-122.602547,161307.71256892566
79050,3,TRANSIT_TO,42,14244,SE Division & 11th Ave,45.50489075,-122.646744,164752.5418885779
79080,3,TRANSIT_TO,42,14244,SE Division & 11th Ave,45.504899,-122.649039,164931.39534689207
79080,4,DWELL_AT,39,14241,SE Division & 59th Ave,45.50541,-122.602547,161307.71256892566
79110,4,DWELL_AT,39,14241,SE Division & 59th Ave,45.50541,-122.602547,161307.71256892566
79110,3,TRANSIT_TO,42,14244,SE Division & 11th Ave,45.50490725,-122.65133399999999,165110.2488052062
79140,3,TRANSIT_TO,42,14244,SE Division & 11th Ave,45.5049155,-122.653629,165289.10226352038
79140,4,DWELL_AT,39,14241,SE Division & 59th Ave,45.50541,-122.602547,161307.71256892566
79160,3,STOPPED_AT,42,14244,SE Division & 11th Ave,45.504921,-122.655159,165408.33790239648
79170,4,DWELL_AT,39,14241,SE Division & 59th Ave,45.50541,-122.602547,161307.71256892566
79200,4,DWELL_AT,39,14241,SE Division & 59th Ave,45.50541,-122.602547,161307.71256892566
79230,4,DWELL_AT,39,14241,SE Division & 59th Ave,45.50541,-122.602547,161307.71256892566
79260,4,DWELL_AT,39,14241,SE Division & 59th Ave,45.50541,-122.602547,161307.71256892566
79290,4,DWELL_AT,39,14241,SE Division & 59th Ave,45.50541,-122.602547,161307.71256892566
79320,4,DWELL_AT,39,14241,SE Division & 59th Ave,45.50541,-122.602547,161307.71256892566
79350,4,DWELL_AT,39,14241,SE Division & 59th Ave,45.50541,-122.602547,161307.71256892566
79380,4,DWELL_AT,39,14241,SE Division & 59th Ave,45.50541,-122.602547,161307.71256892566
79410,4,DWELL_AT,39,14241,SE Division & 59th Ave,45.50541,-122.602547,161307.71256892566
79440,4,DWELL_AT,39,14241,SE Division & 59th Ave,45.50541,-122.602547,161307.71256892566
79470,4,DWELL_AT,39,14241,SE Division & 59th Ave,45.50541,-122.602547,161307.71256892566
79500,4,DWELL_AT,39,14241,SE Division & 59th Ave,45.50541,-122.602547,161307.71256892566
79530,4,DWELL_AT,39,14241,SE Division & 59th Ave,45.50541,-122.602547,161307.71256892566
79560,4,DWELL_AT,39,14241,SE Division & 59th Ave,45.50541,-122.602547,161307.71256892566
79590,4,DWELL_AT,39,14241,SE Division & 59th Ave,45.50541,-122.602547,161307.71256892566
79620,4,TRANSIT_TO,40,14242,SE Division & 51st Ave,45.5054094,-122.60267698333334,161317.84240151793
79650,4,TRANSIT_TO,40,14242,SE Division & 51st Ave,45.5053914,-122.60657648333334,161621.73737928615
79679,4,STOPPED_AT,40,14242,SE Division & 51st Ave,45.505374,-122.610346,161915.5025244621
79680,4,DWELL_AT,40,14242,SE Division & 51st Ave,45.505374,-122.610346,161915.5025244621
79710,4,DWELL_AT,40,14242,SE Division & 51st Ave,45.505374,-122.610346,161915.5025244621
79740,4,DWELL_AT,40,14242,SE Division & 51st Ave,45.505374,-122.610346,161915.5025244621
79770,4,DWELL_AT,40,14242,SE Division & 51st Ave,45.505374,-122.610346,161915.5025244621
79800,4,TRANSIT_TO,41,14243,SE Division & 20th Ave,45.50519872131148,-122.62319724590164,162917.19554057537
79830,4,TRANSIT_TO,41,14243,SE Division & 20th Ave,45.504959704918036,-122.64072167213115,164283.14056254804
79839,4,STOPPED_AT,41,14243,SE Division & 20th Ave,45.504888,-122.645979,164692.92406913984
79860,4,DWELL_AT,41,14243,SE Division & 20th Ave,45.504888,-122.645979,164692.92406913984
79890,4,DWELL_AT,41,14243,SE Division & 20th Ave,45.504888,-122.645979,164692.92406913984
79920,4,DWELL_AT,41,14243,SE Division & 20th Ave,45.504888,-122.645979,164692.92406913984
79950,4,DWELL_AT,41,14243,SE Division & 20th Ave,45.504888,-122.645979,164692.92406913984
79980,4,TRANSIT_TO,42,14244,SE Division & 11th Ave,45.50488950857143,-122.64639865714285,164725.6287015173
80010,4,TRANSIT_TO,42,14244,SE Division & 11th Ave,45.50489516571429,-122.64797237142857,164848.27107293272
80040,4,TRANSIT_TO,42,14244,SE Division & 11th Ave,45.504900822857145,-122.64954608571428,164970.91344434815
80070,4,TRANSIT_TO,42,14244,SE Division & 11th Ave,45.50490648,-122.6511198,165093.55581576357
80100,4,TRANSIT_TO,42,14244,SE Division & 11th Ave,45.50491213714286,-122.65269351428572,165216.198187179
80130,4,TRANSIT_TO,42,14244,SE Division & 11th Ave,45.50491779428572,-122.65426722857143,165338.8405585944
80147,4,STOPPED_AT,42,14244,SE Division & 11th Ave,45.504921,-122.655159,165408.33790239648
