timestamp (in seconds),bus_trip_no,status,bus_stop_no,latitude,longitude,distance
956,1,DISPATCHED_FROM,1,45.492786,-122.401855,0.0
960,1,TRANSIT_TO,2,45.4931092,-122.4029004,89.05407333935545
970,1,TRANSIT_TO,2,45.493917200000006,-122.4055139,311.6892566877441
980,1,TRANSIT_TO,2,45.494725200000005,-122.4081274,534.3244400361327
990,1,TRANSIT_TO,2,45.495533200000004,-122.4107409,756.9596233845214
1000,1,TRANSIT_TO,2,45.4963412,-122.4133544,979.59480673291
1010,1,TRANSIT_TO,2,45.4971492,-122.4159679,1202.2299900812986
1020,1,TRANSIT_TO,2,45.4979572,-122.4185814,1424.8651734296873
1030,1,TRANSIT_TO,2,45.4987652,-122.42119489999999,1647.500356778076
1040,1,TRANSIT_TO,2,45.4995732,-122.4238084,1870.1355401264645
1050,1,TRANSIT_TO,2,45.5003812,-122.4264219,2092.770723474853
1056,1,STOPPED_AT,2,45.500866,-122.42799,2226.3518334838864
1060,1,DWELL_AT,2,45.500866,-122.42799,2226.3518334838864
1070,1,TRANSIT_TO,3,45.50090388,-122.427972,2230.7913622759133
1080,1,TRANSIT_TO,3,45.50099858,-122.427927,2241.8901842559812
1090,1,TRANSIT_TO,3,45.50109328,-122.427882,2252.989006236049
1100,1,TRANSIT_TO,3,45.501187980000005,-122.427837,2264.087828216117
1110,1,TRANSIT_TO,3,45.50128268,-122.427792,2275.186650196185
1120,1,TRANSIT_TO,3,45.50137738,-122.427747,2286.285472176253
1130,1,TRANSIT_TO,3,45.50147208,-122.427702,2297.3842941563207
1140,1,TRANSIT_TO,3,45.501566780000005,-122.427657,2308.4831161363886
1150,1,TRANSIT_TO,3,45.50166148,-122.427612,2319.5819381164565
1160,1,TRANSIT_TO,3,45.50175618,-122.427567,2330.6807600965244
1170,1,TRANSIT_TO,3,45.50185088,-122.427522,2341.7795820765923
1180,1,TRANSIT_TO,3,45.501945580000005,-122.427477,2352.87840405666
1190,1,TRANSIT_TO,3,45.50204028,-122.427432,2363.977226036728
1200,1,TRANSIT_TO,3,45.50213498,-122.427387,2375.076048016796
1210,1,TRANSIT_TO,3,45.50222968,-122.42734200000001,2386.174869996864
1220,1,TRANSIT_TO,3,45.502324380000005,-122.42729700000001,2397.273691976932
1230,1,TRANSIT_TO,3,45.50241908,-122.42725200000001,2408.3725139569997
1240,1,TRANSIT_TO,3,45.50251378,-122.42720700000001,2419.4713359370676
1250,1,TRANSIT_TO,3,45.50260848,-122.42716200000001,2430.5701579171355
1260,1,TRANSIT_TO,3,45.502703180000005,-122.42711700000001,2441.6689798972034
1266,1,STOPPED_AT,3,45.50276,-122.42709,2448.3282730852443
1270,1,DWELL_AT,3,45.50276,-122.42709,2448.3282730852443
1280,1,DWELL_AT,3,45.50276,-122.42709,2448.3282730852443
1290,1,DWELL_AT,3,45.50276,-122.42709,2448.3282730852443
1300,1,DWELL_AT,3,45.50276,-122.42709,2448.3282730852443
1310,1,DWELL_AT,3,45.50276,-122.42709,2448.3282730852443
1320,1,DWELL_AT,3,45.50276,-122.42709,2448.3282730852443
1330,1,DWELL_AT,3,45.50276,-122.42709,2448.3282730852443
1340,1,DWELL_AT,3,45.50276,-122.42709,2448.3282730852443
1350,1,DWELL_AT,3,45.50276,-122.42709,2448.3282730852443
1360,1,DWELL_AT,3,45.50276,-122.42709,2448.3282730852443
1370,1,TRANSIT_TO,4,45.5026968,-122.42701233333334,2457.603301181407
1380,1,TRANSIT_TO,4,45.5025388,-122.42681816666668,2480.7908714218147
1390,1,TRANSIT_TO,4,45.502380800000005,-122.426624,2503.978441662222
1400,1,TRANSIT_TO,4,45.5022228,-122.42642983333334,2527.166011902629
1410,1,TRANSIT_TO,4,45.5020648,-122.42623566666667,2550.3535821430364
1420,1,TRANSIT_TO,4,45.5019068,-122.42604150000001,2573.541152383444
1430,1,TRANSIT_TO,4,45.5017488,-122.42584733333334,2596.7287226238514
1440,1,TRANSIT_TO,4,45.5015908,-122.42565316666668,2619.9162928642586
1450,1,TRANSIT_TO,4,45.5014328,-122.425459,2643.103863104666
1460,1,TRANSIT_TO,4,45.5012748,-122.42526483333334,2666.2914333450735
1470,1,TRANSIT_TO,4,45.5011168,-122.42507066666667,2689.4790035854808
1480,1,TRANSIT_TO,4,45.5009588,-122.42487650000001,2712.666573825888
1490,1,TRANSIT_TO,4,45.5008008,-122.42468233333334,2735.8541440662952
1500,1,TRANSIT_TO,4,45.5006428,-122.42448816666668,2759.0417143067025
1510,1,TRANSIT_TO,4,45.5004848,-122.424294,2782.22928454711
1520,1,TRANSIT_TO,4,45.500326799999996,-122.42409983333334,2805.4168547875174
1530,1,TRANSIT_TO,4,45.5001688,-122.42390566666667,2828.6044250279247
1540,1,TRANSIT_TO,4,45.5000108,-122.42371150000001,2851.791995268332
1550,1,TRANSIT_TO,4,45.4998528,-122.42351733333334,2874.9795655087396
1560,1,TRANSIT_TO,4,45.4996948,-122.42332316666668,2898.167135749147
1570,1,TRANSIT_TO,4,45.4995368,-122.423129,2921.354705989554
1580,1,TRANSIT_TO,4,45.499378799999995,-122.42293483333334,2944.5422762299613
1590,1,TRANSIT_TO,4,45.499220799999996,-122.42274066666667,2967.729846470369
1600,1,TRANSIT_TO,4,45.4990628,-122.42254650000001,2990.9174167107763
1610,1,TRANSIT_TO,4,45.4989048,-122.42235233333334,3014.1049869511835
1620,1,TRANSIT_TO,4,45.4987468,-122.42215816666668,3037.2925571915907
1630,1,TRANSIT_TO,4,45.4985888,-122.421964,3060.480127431998
1640,1,TRANSIT_TO,4,45.498430799999994,-122.42176983333334,3083.6676976724057
1650,1,TRANSIT_TO,4,45.498272799999995,-122.42157566666667,3106.855267912813
1660,1,TRANSIT_TO,4,45.498114799999996,-122.42138150000001,3130.04283815322
1666,1,STOPPED_AT,4,45.49802,-122.421265,3143.9553802974647
1670,1,DWELL_AT,4,45.49802,-122.421265,3143.9553802974647
1680,1,DWELL_AT,4,45.49802,-122.421265,3143.9553802974647
1690,1,DWELL_AT,4,45.49802,-122.421265,3143.9553802974647
1700,1,DWELL_AT,4,45.49802,-122.421265,3143.9553802974647
1710,1,TRANSIT_TO,5,45.4979551,-122.42104075,3162.865646817892
1720,1,TRANSIT_TO,5,45.497792849999996,-122.42048012500001,3210.1413131189593
1730,1,TRANSIT_TO,5,45.497630599999994,-122.4199195,3257.416979420027
1740,1,TRANSIT_TO,5,45.49746835,-122.419358875,3304.692645721095
1750,1,TRANSIT_TO,5,45.497306099999996,-122.41879825000001,3351.9683120221625
1760,1,TRANSIT_TO,5,45.49714384999999,-122.418237625,3399.24397832323
1770,1,TRANSIT_TO,5,45.4969816,-122.41767700000001,3446.5196446242976
1772,2,DISPATCHED_FROM,1,45.492786,-122.401855,0.0
1780,2,TRANSIT_TO,2,45.4934324,-122.4039458,178.1081466787109
1780,1,TRANSIT_TO,5,45.496819349999996,-122.417116375,3493.7953109253654
1790,1,TRANSIT_TO,5,45.4966571,-122.41655575,3541.070977226433
1790,2,TRANSIT_TO,2,45.4942404,-122.4065593,400.74333002709955
1800,1,TRANSIT_TO,5,45.49649485,-122.41599512500001,3588.3466435275004
1800,2,TRANSIT_TO,2,45.4950484,-122.4091728,623.3785133754882
1810,1,TRANSIT_TO,5,45.496332599999995,-122.4154345,3635.622309828568
1810,2,TRANSIT_TO,2,45.4958564,-122.4117863,846.0136967238768
1820,1,TRANSIT_TO,5,45.49617035,-122.41487387500001,3682.897976129636
1820,2,TRANSIT_TO,2,45.4966644,-122.4143998,1068.6488800722655
1830,1,TRANSIT_TO,5,45.4960081,-122.41431325,3730.1736424307037
1830,2,TRANSIT_TO,2,45.4974724,-122.4170133,1291.284063420654
1840,2,TRANSIT_TO,2,45.4982804,-122.41962679999999,1513.9192467690427
1840,1,TRANSIT_TO,5,45.495845849999995,-122.413752625,3777.4493087317715
1850,2,TRANSIT_TO,2,45.499088400000005,-122.4222403,1736.5544301174314
1850,1,TRANSIT_TO,5,45.4956836,-122.41319200000001,3824.7249750328388
1860,2,TRANSIT_TO,2,45.499896400000004,-122.4248538,1959.18961346582
1860,1,TRANSIT_TO,5,45.49552135,-122.412631375,3872.0006413339065
1870,2,TRANSIT_TO,2,45.500704400000004,-122.42746729999999,2181.8247968142086
1870,1,TRANSIT_TO,5,45.495359099999995,-122.41207075000001,3919.2763076349743
1872,2,STOPPED_AT,2,45.500866,-122.42799,2226.3518334838864
1880,2,DWELL_AT,2,45.500866,-122.42799,2226.3518334838864
1880,1,TRANSIT_TO,5,45.49519685,-122.411510125,3966.5519739360416
1890,2,DWELL_AT,2,45.500866,-122.42799,2226.3518334838864
1890,1,TRANSIT_TO,5,45.4950346,-122.4109495,4013.8276402371093
1900,2,DWELL_AT,2,45.500866,-122.42799,2226.3518334838864
1900,1,TRANSIT_TO,5,45.494872349999994,-122.41038887500001,4061.103306538177
1910,2,DWELL_AT,2,45.500866,-122.42799,2226.3518334838864
1910,1,TRANSIT_TO,5,45.4947101,-122.40982825,4108.378972839245
1920,2,DWELL_AT,2,45.500866,-122.42799,2226.3518334838864
1920,1,TRANSIT_TO,5,45.49454785,-122.40926762500001,4155.654639140313
1930,2,TRANSIT_TO,3,45.50093229,-122.42795849999999,2234.121008869934
1930,1,TRANSIT_TO,5,45.494385599999994,-122.408707,4202.93030544138
1940,2,TRANSIT_TO,3,45.50102699,-122.42791349999999,2245.219830850002
1940,1,TRANSIT_TO,5,45.49422335,-122.408146375,4250.205971742447
1950,2,TRANSIT_TO,3,45.501121690000005,-122.4278685,2256.31865283007
1950,1,TRANSIT_TO,5,45.494061099999996,-122.40758575000001,4297.481638043515
1960,2,TRANSIT_TO,3,45.50121639,-122.4278235,2267.4174748101377
1960,1,TRANSIT_TO,5,45.493898849999994,-122.407025125,4344.757304344583
1970,2,TRANSIT_TO,3,45.50131109,-122.4277785,2278.5162967902056
1970,1,TRANSIT_TO,5,45.4937366,-122.40646450000001,4392.0329706456505
1980,2,TRANSIT_TO,3,45.50140579,-122.4277335,2289.6151187702735
1980,1,TRANSIT_TO,5,45.493574349999996,-122.405903875,4439.308636946718
1990,1,TRANSIT_TO,5,45.4934121,-122.40534325,4486.584303247786
1990,2,TRANSIT_TO,3,45.501500490000005,-122.4276885,2300.7139407503414
2000,2,TRANSIT_TO,3,45.50159519,-122.4276435,2311.8127627304093
2000,1,TRANSIT_TO,5,45.49324985,-122.40478262500001,4533.859969548854
2010,1,TRANSIT_TO,5,45.493087599999996,-122.404222,4581.1356358499215
2010,2,TRANSIT_TO,3,45.50168989,-122.4275985,2322.911584710477
2020,1,TRANSIT_TO,5,45.49292535,-122.40366137500001,4628.411302150989
2020,2,TRANSIT_TO,3,45.50178459,-122.4275535,2334.010406690545
2030,1,TRANSIT_TO,5,45.4927631,-122.40310075000001,4675.686968452057
2030,2,TRANSIT_TO,3,45.501879290000005,-122.4275085,2345.109228670613
2040,1,TRANSIT_TO,5,45.492600849999995,-122.402540125,4722.962634753125
2040,2,TRANSIT_TO,3,45.50197399,-122.4274635,2356.208050650681
2050,1,TRANSIT_TO,5,45.4924386,-122.40197950000001,4770.238301054192
2050,2,TRANSIT_TO,3,45.50206869,-122.4274185,2367.306872630749
2060,1,TRANSIT_TO,5,45.49227635,-122.401418875,4817.513967355259
2060,2,TRANSIT_TO,3,45.50216339,-122.4273735,2378.4056946108167
2070,2,TRANSIT_TO,3,45.502258090000005,-122.4273285,2389.5045165908846
2070,1,TRANSIT_TO,5,45.492114099999995,-122.40085825000001,4864.789633656327
2080,1,TRANSIT_TO,5,45.49195185,-122.40029762500001,4912.065299957395
2080,2,TRANSIT_TO,3,45.50235279,-122.4272835,2400.6033385709525
2090,1,TRANSIT_TO,5,45.4917896,-122.399737,4959.340966258463
2090,2,TRANSIT_TO,3,45.50244749,-122.4272385,2411.7021605510204
2100,1,TRANSIT_TO,5,45.491627349999995,-122.39917637500001,5006.61663255953
2100,2,TRANSIT_TO,3,45.50254219,-122.4271935,2422.8009825310883
2106,1,STOPPED_AT,5,45.49153,-122.39884,5034.982032340171
2110,2,TRANSIT_TO,3,45.502636890000005,-122.4271485,2433.899804511156
2120,2,TRANSIT_TO,3,45.50273159,-122.4271035,2444.998626491224
2123,2,STOPPED_AT,3,45.50276,-122.42709,2448.3282730852443
2130,2,DWELL_AT,3,45.50276,-122.42709,2448.3282730852443
2140,2,DWELL_AT,3,45.50276,-122.42709,2448.3282730852443
2150,2,DWELL_AT,3,45.50276,-122.42709,2448.3282730852443
2160,2,DWELL_AT,3,45.50276,-122.42709,2448.3282730852443
2170,2,DWELL_AT,3,45.50276,-122.42709,2448.3282730852443
2180,2,DWELL_AT,3,45.50276,-122.42709,2448.3282730852443
2190,2,DWELL_AT,3,45.50276,-122.42709,2448.3282730852443
2200,2,DWELL_AT,3,45.50276,-122.42709,2448.3282730852443
2210,2,DWELL_AT,3,45.50276,-122.42709,2448.3282730852443
2220,2,DWELL_AT,3,45.50276,-122.42709,2448.3282730852443
2230,2,DWELL_AT,3,45.50276,-122.42709,2448.3282730852443
2240,2,DWELL_AT,3,45.50276,-122.42709,2448.3282730852443
2250,2,DWELL_AT,3,45.50276,-122.42709,2448.3282730852443
2260,2,DWELL_AT,3,45.50276,-122.42709,2448.3282730852443
2270,2,DWELL_AT,3,45.50276,-122.42709,2448.3282730852443
2280,2,DWELL_AT,3,45.50276,-122.42709,2448.3282730852443
2290,2,DWELL_AT,3,45.50276,-122.42709,2448.3282730852443
2300,2,DWELL_AT,3,45.50276,-122.42709,2448.3282730852443
2310,2,DWELL_AT,3,45.50276,-122.42709,2448.3282730852443
2320,2,DWELL_AT,3,45.50276,-122.42709,2448.3282730852443
2330,2,DWELL_AT,3,45.50276,-122.42709,2448.3282730852443
2340,2,TRANSIT_TO,4,45.5026968,-122.42701233333334,2457.603301181407
2350,2,TRANSIT_TO,4,45.5025388,-122.42681816666668,2480.7908714218147
2360,2,TRANSIT_TO,4,45.502380800000005,-122.426624,2503.978441662222
2370,2,TRANSIT_TO,4,45.5022228,-122.42642983333334,2527.166011902629
2380,2,TRANSIT_TO,4,45.5020648,-122.42623566666667,2550.3535821430364
2390,2,TRANSIT_TO,4,45.5019068,-122.42604150000001,2573.541152383444
2400,2,TRANSIT_TO,4,45.5017488,-122.42584733333334,2596.7287226238514
2410,2,TRANSIT_TO,4,45.5015908,-122.42565316666668,2619.9162928642586
2420,2,TRANSIT_TO,4,45.5014328,-122.425459,2643.103863104666
2430,2,TRANSIT_TO,4,45.5012748,-122.42526483333334,2666.2914333450735
2440,2,TRANSIT_TO,4,45.5011168,-122.42507066666667,2689.4790035854808
2450,2,TRANSIT_TO,4,45.5009588,-122.42487650000001,2712.666573825888
2460,2,TRANSIT_TO,4,45.5008008,-122.42468233333334,2735.8541440662952
2470,2,TRANSIT_TO,4,45.5006428,-122.42448816666668,2759.0417143067025
2480,2,TRANSIT_TO,4,45.5004848,-122.424294,2782.22928454711
2490,2,TRANSIT_TO,4,45.500326799999996,-122.42409983333334,2805.4168547875174
2500,2,TRANSIT_TO,4,45.5001688,-122.42390566666667,2828.6044250279247
2510,2,TRANSIT_TO,4,45.5000108,-122.42371150000001,2851.791995268332
2520,2,TRANSIT_TO,4,45.4998528,-122.42351733333334,2874.9795655087396
2530,2,TRANSIT_TO,4,45.4996948,-122.42332316666668,2898.167135749147
2540,2,TRANSIT_TO,4,45.4995368,-122.423129,2921.354705989554
2550,2,TRANSIT_TO,4,45.499378799999995,-122.42293483333334,2944.5422762299613
2560,2,TRANSIT_TO,4,45.499220799999996,-122.42274066666667,2967.729846470369
2570,2,TRANSIT_TO,4,45.4990628,-122.42254650000001,2990.9174167107763
2580,2,TRANSIT_TO,4,45.4989048,-122.42235233333334,3014.1049869511835
2590,2,TRANSIT_TO,4,45.4987468,-122.42215816666668,3037.2925571915907
2600,2,TRANSIT_TO,4,45.4985888,-122.421964,3060.480127431998
2610,2,TRANSIT_TO,4,45.498430799999994,-122.42176983333334,3083.6676976724057
2620,2,TRANSIT_TO,4,45.498272799999995,-122.42157566666667,3106.855267912813
2630,2,TRANSIT_TO,4,45.498114799999996,-122.42138150000001,3130.04283815322
2636,2,STOPPED_AT,4,45.49802,-122.421265,3143.9553802974647
2640,2,DWELL_AT,4,45.49802,-122.421265,3143.9553802974647
2650,2,DWELL_AT,4,45.49802,-122.421265,3143.9553802974647
2660,2,DWELL_AT,4,45.49802,-122.421265,3143.9553802974647
2663,3,DISPATCHED_FROM,1,45.492786,-122.401855,0.0
2670,2,DWELL_AT,4,45.49802,-122.421265,3143.9553802974647
2670,3,TRANSIT_TO,2,45.493351600000004,-122.40368445,155.84462834387205
2680,2,DWELL_AT,4,45.49802,-122.421265,3143.9553802974647
2680,3,TRANSIT_TO,2,45.4941596,-122.40629795,378.4798116922607
2690,2,DWELL_AT,4,45.49802,-122.421265,3143.9553802974647
2690,3,TRANSIT_TO,2,45.4949676,-122.40891144999999,601.1149950406493
2700,2,DWELL_AT,4,45.49802,-122.421265,3143.9553802974647
2700,3,TRANSIT_TO,2,45.4957756,-122.41152495,823.750178389038
2710,3,TRANSIT_TO,2,45.4965836,-122.41413845,1046.3853617374266
2710,2,DWELL_AT,4,45.49802,-122.421265,3143.9553802974647
2720,2,DWELL_AT,4,45.49802,-122.421265,3143.9553802974647
2720,3,TRANSIT_TO,2,45.4973916,-122.41675194999999,1269.0205450858152
2730,3,TRANSIT_TO,2,45.4981996,-122.41936545,1491.6557284342039
2730,2,DWELL_AT,4,45.49802,-122.421265,3143.9553802974647
2740,2,DWELL_AT,4,45.49802,-122.421265,3143.9553802974647
2740,3,TRANSIT_TO,2,45.4990076,-122.42197895,1714.2909117825925
2750,2,DWELL_AT,4,45.49802,-122.421265,3143.9553802974647
2750,3,TRANSIT_TO,2,45.499815600000005,-122.42459244999999,1936.9260951309811
2760,3,TRANSIT_TO,2,45.500623600000004,-122.42720595,2159.56127847937
2760,2,DWELL_AT,4,45.49802,-122.421265,3143.9553802974647
2763,3,STOPPED_AT,2,45.500866,-122.42799,2226.3518334838864
2770,2,DWELL_AT,4,45.49802,-122.421265,3143.9553802974647
2770,3,DWELL_AT,2,45.500866,-122.42799,2226.3518334838864
2780,2,DWELL_AT,4,45.49802,-122.421265,3143.9553802974647
2780,3,DWELL_AT,2,45.500866,-122.42799,2226.3518334838864
2790,3,DWELL_AT,2,45.500866,-122.42799,2226.3518334838864
2790,2,DWELL_AT,4,45.49802,-122.421265,3143.9553802974647
2800,3,DWELL_AT,2,45.500866,-122.42799,2226.3518334838864
2800,2,DWELL_AT,4,45.49802,-122.421265,3143.9553802974647
2810,3,DWELL_AT,2,45.500866,-122.42799,2226.3518334838864
2810,2,DWELL_AT,4,45.49802,-122.421265,3143.9553802974647
2820,2,DWELL_AT,4,45.49802,-122.421265,3143.9553802974647
2820,3,DWELL_AT,2,45.500866,-122.42799,2226.3518334838864
2830,3,DWELL_AT,2,45.500866,-122.42799,2226.3518334838864
2830,2,TRANSIT_TO,5,45.49792265,-122.420928625,3172.320780078105
2840,3,TRANSIT_TO,3,45.500913350000005,-122.4279675,2231.90124447392
2840,2,TRANSIT_TO,5,45.4977604,-122.42036800000001,3219.596446379173
2850,3,TRANSIT_TO,3,45.50100805,-122.4279225,2243.0000664539884
2850,2,TRANSIT_TO,5,45.497598149999995,-122.419807375,3266.8721126802407
2860,2,TRANSIT_TO,5,45.4974359,-122.41924675,3314.1477789813084
2860,3,TRANSIT_TO,3,45.50110275,-122.4278775,2254.098888434056
2870,2,TRANSIT_TO,5,45.49727365,-122.41868612500001,3361.4234452823757
2870,3,TRANSIT_TO,3,45.50119745,-122.4278325,2265.1977104141242
2880,2,TRANSIT_TO,5,45.497111399999994,-122.4181255,3408.6991115834435
2880,3,TRANSIT_TO,3,45.501292150000005,-122.4277875,2276.2965323941917
2890,3,TRANSIT_TO,3,45.50138685,-122.4277425,2287.39535437426
2890,2,TRANSIT_TO,5,45.49694915,-122.41756487500001,3455.9747778845112
2900,2,TRANSIT_TO,5,45.4967869,-122.41700425,3503.250444185579
2900,3,TRANSIT_TO,3,45.50148155,-122.4276975,2298.4941763543275
2910,3,TRANSIT_TO,3,45.50157625,-122.4276525,2309.592998334396
2910,2,TRANSIT_TO,5,45.496624649999994,-122.416443625,3550.5261104866463
2920,2,TRANSIT_TO,5,45.4964624,-122.41588300000001,3597.801776787714
2920,3,TRANSIT_TO,3,45.501670950000005,-122.4276075,2320.6918203144633
2930,2,TRANSIT_TO,5,45.496300149999996,-122.415322375,3645.077443088782
2930,3,TRANSIT_TO,3,45.50176565,-122.4275625,2331.7906422945316
2940,3,TRANSIT_TO,3,45.50186035,-122.42751750000001,2342.889464274599
2940,2,TRANSIT_TO,5,45.496137899999994,-122.41476175000001,3692.3531093898496
2950,2,TRANSIT_TO,5,45.49597565,-122.414201125,3739.628775690917
2950,3,TRANSIT_TO,3,45.50195505,-122.42747250000001,2353.9882862546674
2960,2,TRANSIT_TO,5,45.495813399999996,-122.4136405,3786.9044419919846
2960,3,TRANSIT_TO,3,45.502049750000005,-122.42742750000001,2365.087108234735
2970,2,TRANSIT_TO,5,45.49565115,-122.41307987500001,3834.1801082930524
2970,3,TRANSIT_TO,3,45.50214445,-122.42738250000001,2376.185930214803
2980,3,TRANSIT_TO,3,45.50223915,-122.42733750000001,2387.2847521948706
2980,2,TRANSIT_TO,5,45.4954889,-122.41251925,3881.45577459412
2990,3,TRANSIT_TO,3,45.50233385,-122.42729250000001,2398.383574174939
2990,2,TRANSIT_TO,5,45.495326649999996,-122.41195862500001,3928.731440895188
3000,3,TRANSIT_TO,3,45.502428550000005,-122.42724750000001,2409.4823961550064
3000,2,TRANSIT_TO,5,45.4951644,-122.411398,3976.007107196255
3010,3,TRANSIT_TO,3,45.50252325,-122.4272025,2420.581218135075
3010,2,TRANSIT_TO,5,45.49500215,-122.410837375,4023.282773497323
3020,2,TRANSIT_TO,5,45.494839899999995,-122.41027675000001,4070.5584397983907
3020,3,TRANSIT_TO,3,45.50261795,-122.4271575,2431.680040115142
3030,2,TRANSIT_TO,5,45.49467765,-122.409716125,4117.834106099458
3030,3,TRANSIT_TO,3,45.50271265,-122.4271125,2442.7788620952106
3035,3,STOPPED_AT,3,45.50276,-122.42709,2448.3282730852443
3040,2,TRANSIT_TO,5,45.4945154,-122.40915550000001,4165.109772400526
3040,3,DWELL_AT,3,45.50276,-122.42709,2448.3282730852443
3050,3,DWELL_AT,3,45.50276,-122.42709,2448.3282730852443
3050,2,TRANSIT_TO,5,45.494353149999995,-122.408594875,4212.385438701594
3060,2,TRANSIT_TO,5,45.4941909,-122.40803425,4259.661105002661
3060,3,DWELL_AT,3,45.50276,-122.42709,2448.3282730852443
3070,3,DWELL_AT,3,45.50276,-122.42709,2448.3282730852443
3070,2,TRANSIT_TO,5,45.49402865,-122.40747362500001,4306.936771303729
3080,3,DWELL_AT,3,45.50276,-122.42709,2448.3282730852443
3080,2,TRANSIT_TO,5,45.493866399999995,-122.406913,4354.212437604797
3090,2,TRANSIT_TO,5,45.49370415,-122.40635237500001,4401.488103905865
3090,3,DWELL_AT,3,45.50276,-122.42709,2448.3282730852443
3100,3,DWELL_AT,3,45.50276,-122.42709,2448.3282730852443
3100,2,TRANSIT_TO,5,45.4935419,-122.40579175,4448.763770206931
3110,2,TRANSIT_TO,5,45.493379649999994,-122.405231125,4496.039436507999
3110,3,DWELL_AT,3,45.50276,-122.42709,2448.3282730852443
3120,2,TRANSIT_TO,5,45.4932174,-122.40467050000001,4543.315102809067
3120,3,DWELL_AT,3,45.50276,-122.42709,2448.3282730852443
3130,2,TRANSIT_TO,5,45.493055149999996,-122.404109875,4590.590769110135
3130,3,DWELL_AT,3,45.50276,-122.42709,2448.3282730852443
3140,2,TRANSIT_TO,5,45.492892899999994,-122.40354925000001,4637.8664354112025
3140,3,DWELL_AT,3,45.50276,-122.42709,2448.3282730852443
3150,2,TRANSIT_TO,5,45.49273065,-122.402988625,4685.14210171227
3150,3,DWELL_AT,3,45.50276,-122.42709,2448.3282730852443
3160,2,TRANSIT_TO,5,45.492568399999996,-122.402428,4732.417768013338
3160,3,DWELL_AT,3,45.50276,-122.42709,2448.3282730852443
3170,2,TRANSIT_TO,5,45.49240615,-122.40186737500001,4779.693434314406
3170,3,DWELL_AT,3,45.50276,-122.42709,2448.3282730852443
3180,3,DWELL_AT,3,45.50276,-122.42709,2448.3282730852443
3180,2,TRANSIT_TO,5,45.4922439,-122.40130675,4826.9691006154735
3190,2,TRANSIT_TO,5,45.492081649999996,-122.40074612500001,4874.244766916541
3190,3,DWELL_AT,3,45.50276,-122.42709,2448.3282730852443
3200,2,TRANSIT_TO,5,45.4919194,-122.4001855,4921.520433217608
3200,3,DWELL_AT,3,45.50276,-122.42709,2448.3282730852443
3210,2,TRANSIT_TO,5,45.49175715,-122.399624875,4968.796099518676
3210,3,DWELL_AT,3,45.50276,-122.42709,2448.3282730852443
3220,2,TRANSIT_TO,5,45.491594899999996,-122.39906425000001,5016.071765819744
3220,3,DWELL_AT,3,45.50276,-122.42709,2448.3282730852443
3224,2,STOPPED_AT,5,45.49153,-122.39884,5034.982032340171
3230,3,DWELL_AT,3,45.50276,-122.42709,2448.3282730852443
3240,3,DWELL_AT,3,45.50276,-122.42709,2448.3282730852443
3250,3,DWELL_AT,3,45.50276,-122.42709,2448.3282730852443
3260,3,TRANSIT_TO,4,45.502681,-122.42699291666668,2459.922058205448
3270,3,TRANSIT_TO,4,45.502523000000004,-122.42679875,2483.1096284458554
3280,3,TRANSIT_TO,4,45.502365000000005,-122.42660458333334,2506.2971986862626
3290,3,TRANSIT_TO,4,45.502207,-122.42641041666667,2529.48476892667
3300,3,TRANSIT_TO,4,45.502049,-122.42621625000001,2552.6723391670776
3310,3,TRANSIT_TO,4,45.501891,-122.42602208333334,2575.859909407485
3320,3,TRANSIT_TO,4,45.501733,-122.42582791666668,2599.047479647892
3330,3,TRANSIT_TO,4,45.501575,-122.42563375,2622.2350498882993
3340,3,TRANSIT_TO,4,45.501417000000004,-122.42543958333334,2645.4226201287065
3350,3,TRANSIT_TO,4,45.501259,-122.42524541666667,2668.610190369114
3360,3,TRANSIT_TO,4,45.501101,-122.42505125000001,2691.7977606095214
3370,3,TRANSIT_TO,4,45.500943,-122.42485708333334,2714.9853308499287
3380,3,TRANSIT_TO,4,45.500785,-122.42466291666668,2738.172901090336
3390,3,TRANSIT_TO,4,45.500627,-122.42446875,2761.3604713307436
3400,3,TRANSIT_TO,4,45.500469,-122.42427458333334,2784.548041571151
3410,3,TRANSIT_TO,4,45.500310999999996,-122.42408041666667,2807.735611811558
3420,3,TRANSIT_TO,4,45.500153,-122.42388625000001,2830.9231820519653
3430,3,TRANSIT_TO,4,45.499995,-122.42369208333334,2854.110752292373
3440,3,TRANSIT_TO,4,45.499837,-122.42349791666668,2877.2983225327803
3450,3,TRANSIT_TO,4,45.499679,-122.42330375,2900.4858927731875
3460,3,TRANSIT_TO,4,45.499521,-122.42310958333334,2923.6734630135948
3470,3,TRANSIT_TO,4,45.499362999999995,-122.42291541666667,2946.861033254002
3480,3,TRANSIT_TO,4,45.499204999999996,-122.42272125000001,2970.0486034944097
3490,3,TRANSIT_TO,4,45.499047,-122.42252708333334,2993.236173734817
3500,4,DISPATCHED_FROM,1,45.492786,-122.401855,0.0
3500,3,TRANSIT_TO,4,45.498889,-122.42233291666668,3016.423743975224
3510,4,TRANSIT_TO,2,45.493594,-122.4044685,222.63518334838864
3510,3,TRANSIT_TO,4,45.498731,-122.42213875,3039.611314215632
3520,3,TRANSIT_TO,4,45.498573,-122.42194458333334,3062.7988844560386
3520,4,TRANSIT_TO,2,45.494402,-122.407082,445.2703666967773
3530,3,TRANSIT_TO,4,45.498414999999994,-122.42175041666667,3085.9864546964463
3530,4,TRANSIT_TO,2,45.49521,-122.4096955,667.9055500451659
3540,3,TRANSIT_TO,4,45.498256999999995,-122.42155625000001,3109.1740249368536
3540,4,TRANSIT_TO,2,45.496018,-122.412309,890.5407333935545
3550,3,TRANSIT_TO,4,45.498098999999996,-122.42136208333334,3132.361595177261
3550,4,TRANSIT_TO,2,45.496826,-122.4149225,1113.1759167419432
3555,3,STOPPED_AT,4,45.49802,-122.421265,3143.9553802974647
3560,4,TRANSIT_TO,2,45.497634000000005,-122.417536,1335.8111000903318
3560,3,DWELL_AT,4,45.49802,-122.421265,3143.9553802974647
3570,4,TRANSIT_TO,2,45.498442000000004,-122.4201495,1558.4462834387205
3570,3,DWELL_AT,4,45.49802,-122.421265,3143.9553802974647
3580,4,TRANSIT_TO,2,45.49925,-122.42276299999999,1781.081466787109
3580,3,DWELL_AT,4,45.49802,-122.421265,3143.9553802974647
3590,4,TRANSIT_TO,2,45.500058,-122.4253765,2003.7166501354977
3590,3,DWELL_AT,4,45.49802,-122.421265,3143.9553802974647
3600,4,STOPPED_AT,2,45.500866,-122.42799,2226.3518334838864
3600,3,DWELL_AT,4,45.49802,-122.421265,3143.9553802974647
3610,4,DWELL_AT,2,45.500866,-122.42799,2226.3518334838864
3610,3,DWELL_AT,4,45.49802,-122.421265,3143.9553802974647
3620,3,DWELL_AT,4,45.49802,-122.421265,3143.9553802974647
3620,4,DWELL_AT,2,45.500866,-122.42799,2226.3518334838864
3630,3,DWELL_AT,4,45.49802,-122.421265,3143.9553802974647
3630,4,DWELL_AT,2,45.500866,-122.42799,2226.3518334838864
3640,3,DWELL_AT,4,45.49802,-122.421265,3143.9553802974647
3640,4,DWELL_AT,2,45.500866,-122.42799,2226.3518334838864
3650,3,DWELL_AT,4,45.49802,-122.421265,3143.9553802974647
3650,4,TRANSIT_TO,3,45.500875470000004,-122.42798549999999,2227.461715681893
3660,3,DWELL_AT,4,45.49802,-122.421265,3143.9553802974647
3660,4,TRANSIT_TO,3,45.50097017,-122.42794049999999,2238.560537661961
3670,3,DWELL_AT,4,45.49802,-122.421265,3143.9553802974647
3670,4,TRANSIT_TO,3,45.50106487,-122.42789549999999,2249.659359642029
3680,4,TRANSIT_TO,3,45.50115957,-122.42785049999999,2260.758181622097
3680,3,DWELL_AT,4,45.49802,-122.421265,3143.9553802974647
3690,3,DWELL_AT,4,45.49802,-122.421265,3143.9553802974647
3690,4,TRANSIT_TO,3,45.501254270000004,-122.42780549999999,2271.8570036021647
3700,4,TRANSIT_TO,3,45.50134897,-122.42776049999999,2282.9558255822326
3700,3,DWELL_AT,4,45.49802,-122.421265,3143.9553802974647
3710,4,TRANSIT_TO,3,45.50144367,-122.4277155,2294.0546475623005
3710,3,DWELL_AT,4,45.49802,-122.421265,3143.9553802974647
3720,4,TRANSIT_TO,3,45.50153837,-122.4276705,2305.1534695423684
3720,3,DWELL_AT,4,45.49802,-122.421265,3143.9553802974647
3730,3,DWELL_AT,4,45.49802,-122.421265,3143.9553802974647
3730,4,TRANSIT_TO,3,45.501633070000004,-122.4276255,2316.2522915224363
3740,4,TRANSIT_TO,3,45.50172777,-122.4275805,2327.351113502504
3740,3,DWELL_AT,4,45.49802,-122.421265,3143.9553802974647
3750,4,TRANSIT_TO,3,45.50182247,-122.4275355,2338.449935482572
3750,3,TRANSIT_TO,5,45.497971324999995,-122.42109681250001,3158.138080187785
3760,4,TRANSIT_TO,3,45.50191717,-122.4274905,2349.54875746264
3760,3,TRANSIT_TO,5,45.497809075,-122.4205361875,3205.4137464888527
3770,3,TRANSIT_TO,5,45.497646825,-122.4199755625,3252.6894127899204
3770,4,TRANSIT_TO,3,45.502011870000004,-122.4274455,2360.647579442708
3780,4,TRANSIT_TO,3,45.50210657,-122.4274005,2371.7464014227758
3780,3,TRANSIT_TO,5,45.497484574999994,-122.41941493750001,3299.9650790909877
3790,3,TRANSIT_TO,5,45.497322325,-122.4188543125,3347.2407453920555
3790,4,TRANSIT_TO,3,45.50220127,-122.4273555,2382.8452234028437
3800,3,TRANSIT_TO,5,45.497160075,-122.41829368750001,3394.5164116931232
3800,4,TRANSIT_TO,3,45.50229597,-122.4273105,2393.9440453829116
3810,4,TRANSIT_TO,3,45.502390670000004,-122.4272655,2405.0428673629795
3810,3,TRANSIT_TO,5,45.496997824999994,-122.4177330625,3441.792077994191
3820,3,TRANSIT_TO,5,45.496835575,-122.4171724375,3489.0677442952583
3820,4,TRANSIT_TO,3,45.50248537,-122.4272205,2416.1416893430473
3830,3,TRANSIT_TO,5,45.496673324999996,-122.41661181250001,3536.343410596326
3830,4,TRANSIT_TO,3,45.50258007,-122.4271755,2427.2405113231152
3840,4,TRANSIT_TO,3,45.50267477,-122.4271305,2438.339333303183
3840,3,TRANSIT_TO,5,45.496511074999994,-122.4160511875,3583.619076897394
3849,4,STOPPED_AT,3,45.50276,-122.42709,2448.3282730852443
3850,4,DWELL_AT,3,45.50276,-122.42709,2448.3282730852443
3850,3,TRANSIT_TO,5,45.496348825,-122.41549056250001,3630.8947431984616
3860,4,DWELL_AT,3,45.50276,-122.42709,2448.3282730852443
3860,3,TRANSIT_TO,5,45.496186574999996,-122.4149299375,3678.1704094995293
3870,4,DWELL_AT,3,45.50276,-122.42709,2448.3282730852443
3870,3,TRANSIT_TO,5,45.496024325,-122.4143693125,3725.4460758005966
3880,4,DWELL_AT,3,45.50276,-122.42709,2448.3282730852443
3880,3,TRANSIT_TO,5,45.495862075,-122.41380868750001,3772.7217421016644
3890,4,DWELL_AT,3,45.50276,-122.42709,2448.3282730852443
3890,3,TRANSIT_TO,5,45.495699824999996,-122.4132480625,3819.997408402732
3900,3,TRANSIT_TO,5,45.495537575,-122.41268743750001,3867.2730747038
3900,4,DWELL_AT,3,45.50276,-122.42709,2448.3282730852443
3910,4,DWELL_AT,3,45.50276,-122.42709,2448.3282730852443
3910,3,TRANSIT_TO,5,45.495375325,-122.4121268125,3914.548741004867
3920,3,TRANSIT_TO,5,45.495213074999995,-122.4115661875,3961.824407305935
3920,4,DWELL_AT,3,45.50276,-122.42709,2448.3282730852443
3930,4,DWELL_AT,3,45.50276,-122.42709,2448.3282730852443
3930,3,TRANSIT_TO,5,45.495050825,-122.41100556250001,4009.1000736070027
3940,3,TRANSIT_TO,5,45.494888575,-122.4104449375,4056.3757399080705
3940,4,DWELL_AT,3,45.50276,-122.42709,2448.3282730852443
3950,3,TRANSIT_TO,5,45.494726324999995,-122.40988431250001,4103.651406209138
3950,4,DWELL_AT,3,45.50276,-122.42709,2448.3282730852443
3960,3,TRANSIT_TO,5,45.494564075,-122.4093236875,4150.927072510206
3960,4,DWELL_AT,3,45.50276,-122.42709,2448.3282730852443
3970,4,DWELL_AT,3,45.50276,-122.42709,2448.3282730852443
3970,3,TRANSIT_TO,5,45.494401825,-122.4087630625,4198.202738811273
3980,4,DWELL_AT,3,45.50276,-122.42709,2448.3282730852443
3980,3,TRANSIT_TO,5,45.494239574999995,-122.40820243750001,4245.478405112341
3990,4,DWELL_AT,3,45.50276,-122.42709,2448.3282730852443
3990,3,TRANSIT_TO,5,45.494077325,-122.4076418125,4292.754071413408
4000,4,DWELL_AT,3,45.50276,-122.42709,2448.3282730852443
4000,3,TRANSIT_TO,5,45.493915075,-122.40708118750001,4340.029737714476
4010,4,DWELL_AT,3,45.50276,-122.42709,2448.3282730852443
4010,3,TRANSIT_TO,5,45.493752824999994,-122.4065205625,4387.305404015544
4020,4,DWELL_AT,3,45.50276,-122.42709,2448.3282730852443
4020,3,TRANSIT_TO,5,45.493590575,-122.4059599375,4434.581070316612
4030,4,TRANSIT_TO,4,45.502602,-122.42689583333333,2471.5158433256515
4030,3,TRANSIT_TO,5,45.493428325,-122.40539931250001,4481.856736617679
4040,3,TRANSIT_TO,5,45.493266074999994,-122.4048386875,4529.132402918747
4040,4,TRANSIT_TO,4,45.502444000000004,-122.42670166666667,2494.7034135660588
4050,3,TRANSIT_TO,5,45.493103825,-122.40427806250001,4576.408069219815
4050,4,TRANSIT_TO,4,45.502286,-122.42650750000001,2517.8909838064665
4060,3,TRANSIT_TO,5,45.492941574999996,-122.4037174375,4623.683735520883
4060,4,TRANSIT_TO,4,45.502128,-122.42631333333334,2541.0785540468737
4070,3,TRANSIT_TO,5,45.492779325,-122.4031568125,4670.95940182195
4070,4,TRANSIT_TO,4,45.50197,-122.42611916666667,2564.266124287281
4080,3,TRANSIT_TO,5,45.492617075,-122.40259618750001,4718.235068123017
4080,4,TRANSIT_TO,4,45.501812,-122.425925,2587.453694527688
4090,4,TRANSIT_TO,4,45.501654,-122.42573083333335,2610.641264768096
4090,3,TRANSIT_TO,5,45.492454824999996,-122.4020355625,4765.510734424085
4100,4,TRANSIT_TO,4,45.501496,-122.42553666666667,2633.828835008503
4100,3,TRANSIT_TO,5,45.492292575,-122.40147493750001,4812.786400725153
4110,3,TRANSIT_TO,5,45.492130325,-122.4009143125,4860.062067026221
4110,4,TRANSIT_TO,4,45.501338,-122.4253425,2657.0164052489104
4120,4,TRANSIT_TO,4,45.50118,-122.42514833333334,2680.2039754893176
4120,3,TRANSIT_TO,5,45.491968074999996,-122.4003536875,4907.337733327288
4130,4,TRANSIT_TO,4,45.501022,-122.42495416666668,2703.3915457297253
4130,3,TRANSIT_TO,5,45.491805825,-122.39979306250001,4954.613399628356
4140,4,TRANSIT_TO,4,45.500864,-122.42476,2726.5791159701325
4140,3,TRANSIT_TO,5,45.491643575,-122.3992324375,5001.889065929423
4147,3,STOPPED_AT,5,45.49153,-122.39884,5034.982032340171
4150,4,TRANSIT_TO,4,45.500706,-122.42456583333333,2749.76668621054
4160,4,TRANSIT_TO,4,45.500548,-122.42437166666667,2772.954256450947
4170,4,TRANSIT_TO,4,45.500389999999996,-122.42417750000001,2796.1418266913543
4180,4,TRANSIT_TO,4,45.500232,-122.42398333333334,2819.329396931762
4190,4,TRANSIT_TO,4,45.500074,-122.42378916666667,2842.516967172169
4200,4,TRANSIT_TO,4,45.499916,-122.423595,2865.7045374125764
4210,4,TRANSIT_TO,4,45.499758,-122.42340083333335,2888.8921076529837
4220,4,TRANSIT_TO,4,45.4996,-122.42320666666667,2912.0796778933914
4230,4,TRANSIT_TO,4,45.499441999999995,-122.4230125,2935.2672481337986
4240,4,TRANSIT_TO,4,45.499283999999996,-122.42281833333334,2958.454818374206
4250,4,TRANSIT_TO,4,45.499126,-122.42262416666668,2981.642388614613
4260,4,TRANSIT_TO,4,45.498968,-122.42243,3004.829958855021
4270,4,TRANSIT_TO,4,45.49881,-122.42223583333333,3028.017529095428
4280,4,TRANSIT_TO,4,45.498652,-122.42204166666667,3051.2050993358353
4290,4,TRANSIT_TO,4,45.498493999999994,-122.42184750000001,3074.3926695762425
4300,4,TRANSIT_TO,4,45.498335999999995,-122.42165333333334,3097.5802398166497
4310,4,TRANSIT_TO,4,45.498177999999996,-122.42145916666666,3120.7678100570574
4320,4,STOPPED_AT,4,45.49802,-122.421265,3143.9553802974647
4330,4,DWELL_AT,4,45.49802,-122.421265,3143.9553802974647
4340,4,DWELL_AT,4,45.49802,-122.421265,3143.9553802974647
4350,4,DWELL_AT,4,45.49802,-122.421265,3143.9553802974647
4360,4,DWELL_AT,4,45.49802,-122.421265,3143.9553802974647
4370,4,DWELL_AT,4,45.49802,-122.421265,3143.9553802974647
4380,4,DWELL_AT,4,45.49802,-122.421265,3143.9553802974647
4390,4,DWELL_AT,4,45.49802,-122.421265,3143.9553802974647
4400,4,DWELL_AT,4,45.49802,-122.421265,3143.9553802974647
4410,4,DWELL_AT,4,45.49802,-122.421265,3143.9553802974647
4420,4,DWELL_AT,4,45.49802,-122.421265,3143.9553802974647
4430,4,DWELL_AT,4,45.49802,-122.421265,3143.9553802974647
4440,4,DWELL_AT,4,45.49802,-122.421265,3143.9553802974647
4450,4,TRANSIT_TO,5,45.49789019999999,-122.4208165,3181.775913338319
4460,4,TRANSIT_TO,5,45.49772795,-122.42025587500001,3229.0515796393865
4470,4,TRANSIT_TO,5,45.497565699999996,-122.41969525,3276.3272459404543
4480,4,TRANSIT_TO,5,45.49740345,-122.41913462500001,3323.6029122415216
4490,4,TRANSIT_TO,5,45.4972412,-122.418574,3370.8785785425894
4500,4,TRANSIT_TO,5,45.497078949999995,-122.418013375,3418.154244843657
4500,5,DISPATCHED_FROM,1,45.492786,-122.401855,0.0
4510,4,TRANSIT_TO,5,45.4969167,-122.41745275000001,3465.429911144725
4510,5,TRANSIT_TO,2,45.493594,-122.4044685,222.63518334838864
4520,4,TRANSIT_TO,5,45.49675445,-122.416892125,3512.705577445792
4520,5,TRANSIT_TO,2,45.494402,-122.407082,445.2703666967773
4530,4,TRANSIT_TO,5,45.496592199999995,-122.41633150000001,3559.98124374686
4530,5,TRANSIT_TO,2,45.49521,-122.4096955,667.9055500451659
4540,4,TRANSIT_TO,5,45.49642995,-122.415770875,3607.2569100479277
4540,5,TRANSIT_TO,2,45.496018,-122.412309,890.5407333935545
4550,4,TRANSIT_TO,5,45.4962677,-122.41521025,3654.5325763489955
4550,5,TRANSIT_TO,2,45.496826,-122.4149225,1113.1759167419432
4560,4,TRANSIT_TO,5,45.496105449999995,-122.41464962500001,3701.808242650063
4560,5,TRANSIT_TO,2,45.497634000000005,-122.417536,1335.8111000903318
4570,4,TRANSIT_TO,5,45.4959432,-122.414089,3749.0839089511305
4570,5,TRANSIT_TO,2,45.498442000000004,-122.4201495,1558.4462834387205
4580,5,TRANSIT_TO,2,45.49925,-122.42276299999999,1781.081466787109
4580,4,TRANSIT_TO,5,45.49578095,-122.41352837500001,3796.3595752521983
4590,4,TRANSIT_TO,5,45.495618699999994,-122.41296775,3843.635241553266
4590,5,TRANSIT_TO,2,45.500058,-122.4253765,2003.7166501354977
4600,5,STOPPED_AT,2,45.500866,-122.42799,2226.3518334838864
4600,4,TRANSIT_TO,5,45.49545645,-122.412407125,3890.9109078543333
4610,4,TRANSIT_TO,5,45.4952942,-122.41184650000001,3938.186574155401
4610,5,DWELL_AT,2,45.500866,-122.42799,2226.3518334838864
4620,4,TRANSIT_TO,5,45.495131949999994,-122.411285875,3985.462240456469
4620,5,DWELL_AT,2,45.500866,-122.42799,2226.3518334838864
4630,5,DWELL_AT,2,45.500866,-122.42799,2226.3518334838864
4630,4,TRANSIT_TO,5,45.4949697,-122.41072525000001,4032.7379067575366
4640,5,DWELL_AT,2,45.500866,-122.42799,2226.3518334838864
4640,4,TRANSIT_TO,5,45.494807449999996,-122.41016462500001,4080.0135730586044
4650,5,DWELL_AT,2,45.500866,-122.42799,2226.3518334838864
4650,4,TRANSIT_TO,5,45.494645199999994,-122.409604,4127.289239359672
4660,5,DWELL_AT,2,45.500866,-122.42799,2226.3518334838864
4660,4,TRANSIT_TO,5,45.49448295,-122.40904337500001,4174.56490566074
4670,5,TRANSIT_TO,3,45.500951230000005,-122.4279495,2236.3407732659475
4670,4,TRANSIT_TO,5,45.494320699999996,-122.40848275,4221.840571961808
4680,5,TRANSIT_TO,3,45.501045930000004,-122.4279045,2247.4395952460154
4680,4,TRANSIT_TO,5,45.49415845,-122.40792212500001,4269.1162382628745
4690,4,TRANSIT_TO,5,45.4939962,-122.40736150000001,4316.391904563942
4690,5,TRANSIT_TO,3,45.50114063,-122.4278595,2258.5384172260833
4700,4,TRANSIT_TO,5,45.493833949999996,-122.406800875,4363.66757086501
4700,5,TRANSIT_TO,3,45.50123533,-122.4278145,2269.637239206151
4710,5,TRANSIT_TO,3,45.501330030000005,-122.4277695,2280.736061186219
4710,4,TRANSIT_TO,5,45.4936717,-122.40624025000001,4410.943237166078
4720,4,TRANSIT_TO,5,45.49350945,-122.405679625,4458.2189034671455
4720,5,TRANSIT_TO,3,45.501424730000004,-122.4277245,2291.834883166287
4730,5,TRANSIT_TO,3,45.50151943,-122.4276795,2302.933705146355
4730,4,TRANSIT_TO,5,45.493347199999995,-122.40511900000001,4505.494569768213
4740,5,TRANSIT_TO,3,45.50161413,-122.4276345,2314.032527126423
4740,4,TRANSIT_TO,5,45.49318495,-122.40455837500001,4552.770236069281
4750,4,TRANSIT_TO,5,45.4930227,-122.40399775,4600.045902370348
4750,5,TRANSIT_TO,3,45.501708830000005,-122.4275895,2325.1313491064907
4760,4,TRANSIT_TO,5,45.492860449999995,-122.40343712500001,4647.321568671416
4760,5,TRANSIT_TO,3,45.501803530000004,-122.4275445,2336.2301710865586
4770,4,TRANSIT_TO,5,45.4926982,-122.4028765,4694.597234972483
4770,5,TRANSIT_TO,3,45.50189823,-122.4274995,2347.3289930666265
4780,5,TRANSIT_TO,3,45.50199293,-122.4274545,2358.4278150466944
4780,4,TRANSIT_TO,5,45.49253595,-122.40231587500001,4741.872901273551
4790,4,TRANSIT_TO,5,45.492373699999995,-122.40175525000001,4789.148567574619
4790,5,TRANSIT_TO,3,45.502087630000005,-122.4274095,2369.5266370267623
4800,4,TRANSIT_TO,5,45.49221145,-122.401194625,4836.424233875687
4800,5,TRANSIT_TO,3,45.502182330000004,-122.4273645,2380.62545900683
4810,5,TRANSIT_TO,3,45.50227703,-122.42731950000001,2391.724280986898
4810,4,TRANSIT_TO,5,45.4920492,-122.40063400000001,4883.699900176754
4820,4,TRANSIT_TO,5,45.491886949999994,-122.400073375,4930.975566477822
4820,5,TRANSIT_TO,3,45.50237173,-122.42727450000001,2402.823102966966
4830,5,TRANSIT_TO,3,45.502466430000005,-122.42722950000001,2413.921924947034
4830,4,TRANSIT_TO,5,45.4917247,-122.39951275000001,4978.25123277889
4840,4,TRANSIT_TO,5,45.491562449999996,-122.39895212500001,5025.526899079958
4840,5,TRANSIT_TO,3,45.502561130000004,-122.42718450000001,2425.0207469271018
4842,4,STOPPED_AT,5,45.49153,-122.39884,5034.982032340171
4850,5,TRANSIT_TO,3,45.50265583,-122.42713950000001,2436.1195689071697
4860,5,TRANSIT_TO,3,45.50275053,-122.42709450000001,2447.2183908872375
4861,5,STOPPED_AT,3,45.50276,-122.42709,2448.3282730852443
4870,5,DWELL_AT,3,45.50276,-122.42709,2448.3282730852443
4880,5,DWELL_AT,3,45.50276,-122.42709,2448.3282730852443
4890,5,DWELL_AT,3,45.50276,-122.42709,2448.3282730852443
4900,5,DWELL_AT,3,45.50276,-122.42709,2448.3282730852443
4910,5,DWELL_AT,3,45.50276,-122.42709,2448.3282730852443
4920,5,DWELL_AT,3,45.50276,-122.42709,2448.3282730852443
4930,5,DWELL_AT,3,45.50276,-122.42709,2448.3282730852443
4940,5,DWELL_AT,3,45.50276,-122.42709,2448.3282730852443
4950,5,DWELL_AT,3,45.50276,-122.42709,2448.3282730852443
4960,5,DWELL_AT,3,45.50276,-122.42709,2448.3282730852443
4970,5,DWELL_AT,3,45.50276,-122.42709,2448.3282730852443
4980,5,DWELL_AT,3,45.50276,-122.42709,2448.3282730852443
4990,5,DWELL_AT,3,45.50276,-122.42709,2448.3282730852443
5000,5,DWELL_AT,3,45.50276,-122.42709,2448.3282730852443
5010,5,DWELL_AT,3,45.50276,-122.42709,2448.3282730852443
5020,5,DWELL_AT,3,45.50276,-122.42709,2448.3282730852443
5030,5,DWELL_AT,3,45.50276,-122.42709,2448.3282730852443
5040,5,DWELL_AT,3,45.50276,-122.42709,2448.3282730852443
5050,5,DWELL_AT,3,45.50276,-122.42709,2448.3282730852443
5060,5,DWELL_AT,3,45.50276,-122.42709,2448.3282730852443
5070,5,DWELL_AT,3,45.50276,-122.42709,2448.3282730852443
5080,5,DWELL_AT,3,45.50276,-122.42709,2448.3282730852443
5090,5,DWELL_AT,3,45.50276,-122.42709,2448.3282730852443
5100,5,DWELL_AT,3,45.50276,-122.42709,2448.3282730852443
5110,5,TRANSIT_TO,4,45.5026494,-122.42695408333334,2464.5595722535295
5120,5,TRANSIT_TO,4,45.502491400000004,-122.42675991666667,2487.7471424939367
5130,5,TRANSIT_TO,4,45.502333400000005,-122.42656575000001,2510.934712734344
5140,5,TRANSIT_TO,4,45.5021754,-122.42637158333334,2534.1222829747517
5150,5,TRANSIT_TO,4,45.5020174,-122.42617741666668,2557.309853215159
5160,5,TRANSIT_TO,4,45.5018594,-122.42598325,2580.497423455566
5170,5,TRANSIT_TO,4,45.5017014,-122.42578908333334,2603.6849936959734
5180,5,TRANSIT_TO,4,45.5015434,-122.42559491666667,2626.872563936381
5190,5,TRANSIT_TO,4,45.501385400000004,-122.42540075000001,2650.0601341767883
5200,5,TRANSIT_TO,4,45.5012274,-122.42520658333333,2673.2477044171956
5210,5,TRANSIT_TO,4,45.5010694,-122.42501241666668,2696.435274657603
5220,5,TRANSIT_TO,4,45.5009114,-122.42481825,2719.62284489801
5230,5,TRANSIT_TO,4,45.5007534,-122.42462408333334,2742.8104151384177
5240,5,TRANSIT_TO,4,45.5005954,-122.42442991666667,2765.997985378825
5250,5,TRANSIT_TO,4,45.5004374,-122.42423575000001,2789.185555619232
5260,5,TRANSIT_TO,4,45.5002794,-122.42404158333333,2812.3731258596395
5270,5,TRANSIT_TO,4,45.5001214,-122.42384741666667,2835.5606961000467
5280,5,TRANSIT_TO,4,45.4999634,-122.42365325,2858.7482663404544
5290,5,TRANSIT_TO,4,45.4998054,-122.42345908333334,2881.9358365808616
5300,5,TRANSIT_TO,4,45.4996474,-122.42326491666667,2905.123406821269
5310,5,TRANSIT_TO,4,45.4994894,-122.42307075000001,2928.3109770616766
5320,5,TRANSIT_TO,4,45.499331399999996,-122.42287658333333,2951.498547302084
5330,5,TRANSIT_TO,4,45.4991734,-122.42268241666667,2974.686117542491
5340,5,TRANSIT_TO,4,45.4990154,-122.42248825,2997.8736877828983
5350,5,TRANSIT_TO,4,45.4988574,-122.42229408333334,3021.0612580233055
5360,5,TRANSIT_TO,4,45.4986994,-122.42209991666667,3044.248828263713
5370,5,TRANSIT_TO,4,45.4985414,-122.42190575000001,3067.4363985041205
5380,5,TRANSIT_TO,4,45.498383399999994,-122.42171158333333,3090.6239687445277
5390,5,TRANSIT_TO,4,45.498225399999995,-122.42151741666667,3113.811538984935
5400,5,TRANSIT_TO,4,45.4980674,-122.42132325,3136.999109225342
5403,5,STOPPED_AT,4,45.49802,-122.421265,3143.9553802974647
5410,5,DWELL_AT,4,45.49802,-122.421265,3143.9553802974647
5420,5,DWELL_AT,4,45.49802,-122.421265,3143.9553802974647
5430,5,DWELL_AT,4,45.49802,-122.421265,3143.9553802974647
5440,5,DWELL_AT,4,45.49802,-122.421265,3143.9553802974647
5450,5,DWELL_AT,4,45.49802,-122.421265,3143.9553802974647
5460,5,DWELL_AT,4,45.49802,-122.421265,3143.9553802974647
5470,5,DWELL_AT,4,45.49802,-122.421265,3143.9553802974647
5480,5,DWELL_AT,4,45.49802,-122.421265,3143.9553802974647
5490,5,DWELL_AT,4,45.49802,-122.421265,3143.9553802974647
5500,5,DWELL_AT,4,45.49802,-122.421265,3143.9553802974647
5510,5,DWELL_AT,4,45.49802,-122.421265,3143.9553802974647
5520,5,DWELL_AT,4,45.49802,-122.421265,3143.9553802974647
5530,5,DWELL_AT,4,45.49802,-122.421265,3143.9553802974647
5540,5,DWELL_AT,4,45.49802,-122.421265,3143.9553802974647
5550,5,DWELL_AT,4,45.49802,-122.421265,3143.9553802974647
5560,5,DWELL_AT,4,45.49802,-122.421265,3143.9553802974647
5570,5,DWELL_AT,4,45.49802,-122.421265,3143.9553802974647
5580,5,DWELL_AT,4,45.49802,-122.421265,3143.9553802974647
5590,5,DWELL_AT,4,45.49802,-122.421265,3143.9553802974647
5600,5,DWELL_AT,4,45.49802,-122.421265,3143.9553802974647
5610,5,DWELL_AT,4,45.49802,-122.421265,3143.9553802974647
5620,5,DWELL_AT,4,45.49802,-122.421265,3143.9553802974647
5630,5,TRANSIT_TO,5,45.497971203007516,-122.42109639097745,3158.1736258015453
5640,5,TRANSIT_TO,5,45.49780854636591,-122.42053436090227,3205.5677774818137
5650,5,TRANSIT_TO,5,45.49764588972431,-122.41997233082708,3252.961929162082
5660,5,TRANSIT_TO,5,45.497483233082704,-122.41941030075189,3300.35608084235
5670,5,TRANSIT_TO,5,45.4973205764411,-122.41884827067669,3347.7502325226183
5680,5,TRANSIT_TO,5,45.4971579197995,-122.4182862406015,3395.1443842028866
5690,5,TRANSIT_TO,5,45.49699526315789,-122.41772421052632,3442.538535883155
5700,5,TRANSIT_TO,5,45.496832606516286,-122.41716218045113,3489.9326875634233
5710,5,TRANSIT_TO,5,45.496669949874686,-122.41660015037594,3537.3268392436917
5720,5,TRANSIT_TO,5,45.49650729323308,-122.41603812030075,3584.72099092396
5730,5,TRANSIT_TO,5,45.49634463659147,-122.41547609022557,3632.1151426042284
5740,5,TRANSIT_TO,5,45.496181979949874,-122.41491406015038,3679.5092942844967
5750,5,TRANSIT_TO,5,45.49601932330827,-122.4143520300752,3726.903445964765
5760,5,TRANSIT_TO,5,45.49585666666666,-122.41379,3774.2975976450334
5770,5,TRANSIT_TO,5,45.49569401002506,-122.41322796992482,3821.6917493253018
5780,5,TRANSIT_TO,5,45.495531353383456,-122.41266593984963,3869.08590100557
5790,5,TRANSIT_TO,5,45.49536869674185,-122.41210390977444,3916.4800526858385
5800,5,TRANSIT_TO,5,45.49520604010025,-122.41154187969926,3963.874204366107
5810,5,TRANSIT_TO,5,45.49504338345864,-122.41097984962407,4011.268356046375
5820,5,TRANSIT_TO,5,45.49488072681704,-122.41041781954888,4058.6625077266435
5830,5,TRANSIT_TO,5,45.49471807017544,-122.4098557894737,4106.056659406911
5840,5,TRANSIT_TO,5,45.49455541353383,-122.40929375939851,4153.45081108718
5850,5,TRANSIT_TO,5,45.494392756892225,-122.40873172932332,4200.844962767448
5860,5,TRANSIT_TO,5,45.494230100250626,-122.40816969924812,4248.239114447717
5870,5,TRANSIT_TO,5,45.49406744360902,-122.40760766917293,4295.633266127985
5880,5,TRANSIT_TO,5,45.49390478696741,-122.40704563909775,4343.027417808254
5890,5,TRANSIT_TO,5,45.49374213032581,-122.40648360902256,4390.4215694885215
5900,5,TRANSIT_TO,5,45.49357947368421,-122.40592157894737,4437.81572116879
5910,5,TRANSIT_TO,5,45.4934168170426,-122.40535954887218,4485.209872849058
5920,5,TRANSIT_TO,5,45.493254160401,-122.404797518797,4532.604024529326
5930,5,TRANSIT_TO,5,45.493091503759395,-122.40423548872181,4579.998176209595
5940,5,TRANSIT_TO,5,45.49292884711779,-122.40367345864662,4627.392327889864
5950,5,TRANSIT_TO,5,45.49276619047619,-122.40311142857144,4674.786479570132
5960,5,TRANSIT_TO,5,45.49260353383458,-122.40254939849625,4722.1806312503995
5970,5,TRANSIT_TO,5,45.492440877192976,-122.40198736842106,4769.574782930668
5980,5,TRANSIT_TO,5,45.49227822055138,-122.40142533834587,4816.968934610937
5990,5,TRANSIT_TO,5,45.49211556390977,-122.40086330827069,4864.363086291205
6000,5,TRANSIT_TO,5,45.49195290726817,-122.4003012781955,4911.757237971473
6010,5,TRANSIT_TO,5,45.491790250626565,-122.39973924812031,4959.151389651742
6020,5,TRANSIT_TO,5,45.49162759398496,-122.39917721804512,5006.54554133201
6026,5,STOPPED_AT,5,45.49153,-122.39884,5034.982032340171
